Pick,Pick number,Selected xrank,XRank,Rank,ADP,Player,Position,Status,GP,FG%,FT%,3PTM,PTS,REB,AST,ST,BLK,TO
1,5,5,5,72,5.9,Giannis Antetokounmpo MIL,"PF,C",,68,0.570,0.639,35,2161,784,469,70,70,293
2,24,18,18,11,19.5,Evan Mobley CLE,"PF,C",,70,0.564,0.741,95,1368,662,235,68,107,128
2,24,21,21,28,19.6,Alperen Sengun HOU,C,,75,0.524,0.719,33,1548,776,400,89,73,208
2,24,22,22,20,26.1,Jalen Johnson ATL,"SF,PF",GTD,69,0.500,0.744,96,1386,628,362,97,63,169
2,24,24,24,9,26.6,Scottie Barnes TOR,"SG,SF,PF",GTD,71,0.456,0.770,106,1378,563,392,98,86,189
2,24,25,25,9,23.9,Jaylen Williams OKC,"SF,PF",GTD,70,0.499,0.810,132,1565,370,393,116,42,162
2,24,27,27,51,29.8,Josh Giddey CHI,"PG,SG",,70,0.464,0.782,102,1201,570,617,78,47,261
2,24,33,33,24,35.3,Derrick White BOS,"PG,SG",,74,0.425,0.840,238,1377,342,399,66,74,147
3,33,29,29,86,30.7,Pascal Siakam IND,"PF,C",,72,0.488,0.741,114,1657,549,371,60,39,215
3,33,32,32,25,32.1,Bam Adebayo MIA,"PF,C",GTD,74,0.484,0.764,91,1456,697,352,83,67,176
3,33,33,33,24,35.3,Derrick White BOS,"PG,SG",,74,0.425,0.840,238,1377,342,399,66,74,147
3,33,38,38,83,39.6,Jaren Jackson Jr. MEM,"PF,C",GTD,62,0.474,0.802,115,1348,329,128,66,91,128
3,33,40,40,81,47.6,Austin Reaves LAL,"PG,SG",,70,0.478,0.870,193,1411,290,386,68,24,169
3,33,41,41,81,26.2,Paolo Banchero ORL,"PF,C",GTD,69,0.474,0.730,128,1750,493,328,63,47,188
3,33,42,42,13,37,Dyson Daniels ATL,"PG,SG,SF",GTD,70,0.496,0.633,81,1024,416,312,196,53,139
4,52,44,44,61,50.5,Deni Avdija POR,"SF,PF",,74,0.476,0.761,149,1388,556,332,88,43,225
4,52,46,46,44,46.4,Kawhi Leonard LAC,"SF,PF",,55,0.510,0.858,125,1300,362,207,86,22,121
4,52,47,47,88,54.2,Kristaps Porzingis ATL,"PF,C",GTD,59,0.480,0.831,129,1073,380,107,41,91,90
4,52,49,49,29,51.5,Brandon Miller CHA,"SF,PF",,70,0.425,0.847,275,1608,348,266,89,51,193
4,52,50,50,92,44.3,Ja Morant MEM,PG,GTD,62,0.457,0.822,109,1526,287,512,63,24,225
4,52,51,51,46,46.4,Myles Turner MIL,C,GTD,68,0.490,0.772,155,1128,449,102,46,143,112
4,52,53,53,62,63.3,Miles Bridges CHA,"SF,PF",,68,0.462,0.829,137,1313,478,228,59,46,125
4,52,52,52,80,42.6,Cooper Flagg DAL,SF,,74,0.450,0.830,119,1254,455,293,79,62,204
4,52,54,54,47,51.9,Nikola Vucevic CHI,C,,71,0.492,0.825,93,1229,695,222,55,52,128
5,61,56,56,115,70.6,Brandon Ingram TOR,"SG,SF,PF",GTD,63,0.475,0.843,108,1229,312,291,52,42,168
5,61,61,61,94,62,Zach LaVine SAC,"PG,SG",,69,0.480,0.845,191,1477,258,270,47,19,172
5,61,63,63,37,60.4,Coby White CHI,"PG,SG",GTD,74,0.440,0.869,238,1586,302,352,63,17,176
5,61,67,67,68,72,Jordan Poole NOP,"PG,SG",,72,0.425,0.887,212,1330,216,302,86,22,177
5,61,68,68,30,69.3,Payton Pritchard BOS,PG,,76,0.452,0.830,260,1293,330,353,80,14,130
5,61,70,70,142,63.9,Julius Randle MIN,"PF,C",GTD,70,0.465,0.780,109,1293,500,319,47,23,205
5,61,72,72,34,64.8,OG Anunoby NYK,"SF,PF",GTD,66,0.486,0.799,151,1168,315,140,110,58,94
6,80,67,67,68,72,Jordan Poole NOP,"PG,SG",,72,0.425,0.887,212,1330,216,302,86,22,177
6,80,75,75,82,77.9,Jakob Poeltl TOR,C,GTD,68,0.633,0.639,0,875,634,177,63,95,118
6,80,76,76,64,83.9,Mark Williams PHX,C,GTD,60,0.620,0.807,0,888,621,130,50,81,92
6,80,82,82,123,87.1,Anfernee Simons BOS,"PG,SG",,68,0.428,0.893,215,1318,199,320,39,8,151
6,80,83,83,105,91.6,Shaedon Sharpe POR,"SG,SF",,70,0.454,0.779,178,1539,347,241,69,24,163
6,80,84,84,56,87.5,Matas Buzelis CHI,"SF,PF",,75,0.463,0.809,146,1130,439,180,53,117,135
7,89,90,90,134,93.8,Benedict Mathurin IND,"SG,SF",,73,0.451,0.829,107,1302,364,169,55,24,153
7,89,92,92,91,88.2,Cameron Johnson DEN,"SF,PF",,63,0.483,0.861,175,1027,265,151,66,19,76
7,89,93,93,106,92.4,John Collins LAC,"PF,C",,66,0.529,0.812,84,1003,498,96,48,64,115
7,89,94,94,154,106,Draymond Green GSW,"PF,C",GTD,59,0.424,0.711,79,606,389,365,78,60,175
7,89,95,95,95,82.9,Alex Sarr WAS,C,GTD,70,0.424,0.702,137,1140,541,205,51,120,119
7,89,99,99,41,85.1,Kel'el Ware MIA,"PF,C",,70,0.559,0.711,59,951,673,96,58,106,77
8,108,97,97,45,93,Onyeka Okongwu ATL,C,GTD,69,0.580,0.779,56,981,578,144,62,83,92
8,108,98,98,67,92.2,Naz Reid MIN,"PF,C",GTD,75,0.469,0.750,167,1107,454,186,62,83,124
8,108,100,100,77,107,Santi Aldama MEM,"PF,C",,70,0.480,0.694,154,1059,508,264,61,45,90
8,108,101,101,52,117,Tari Eason HOU,"SF,PF",,65,0.480,0.743,86,864,439,105,123,70,88
8,108,102,102,148,113.7,Kevin Porter Jr. MIL,"PG,SG",,68,0.432,0.749,129,1029,322,407,86,25,216
8,108,104,104,114,101,CJ McCollum WAS,"PG,SG",GTD,68,0.446,0.769,210,1238,245,286,51,24,121
8,108,105,105,118,106.6,Andrew Wiggins MIA,"SG,SF",,71,0.455,0.742,153,1195,297,170,70,53,117
8,108,106,106,153,111.2,Jrue Holiday POR,"PG,SG",,65,0.455,0.838,110,669,263,273,64,29,107
8,108,108,108,66,117.8,Reed Sheppard HOU,"PG,SG",,71,0.421,0.823,194,927,236,277,105,54,130
8,108,112,112,165,117.4,Keyonte George UTA,"PG,SG",,70,0.409,0.832,176,1126,235,353,49,10,167
9,117,107,107,79,92.6,Josh Hart NYK,"SG,SF,PF",GTD,73,0.494,0.784,73,835,612,342,86,18,135
9,117,120,120,73,107.6,Toumani Camara POR,"SF,PF",GTD,75,0.470,0.740,127,838,414,152,109,46,87
9,117,121,121,130,113.3,Aaron Gordon DEN,"PF,C",,68,0.523,0.770,92,997,372,227,45,31,103
9,117,122,122,104,114.1,Jaeden McDaniels MIN,"SF,PF",GTD,74,0.489,0.738,94,926,450,104,80,63,99
9,117,124,124,75,119.1,Bobby Portis MIL,"PF,C",,70,0.478,0.793,119,1146,596,164,58,33,85
10,136,126,126,147,137,Quentin Grimes PHI,"SG,SF",,65,0.466,0.767,151,998,264,207,57,26,113
10,136,130,130,221,131.7,Jonathan Kuminga GSW,"SF,PF",,68,0.475,0.721,64,966,294,138,55,27,88
10,136,134,134,113,122.2,Jabari Smith Jr. HOU,"PF,C",,72,0.443,0.835,138,952,513,89,45,56,89
10,136,137,137,109,134.8,Jaylen Wells MEM,"SG,SF",,75,0.447,0.829,172,1081,395,186,58,14,94
10,136,138,138,26,124.9,Cason Wallace OKC,"PG,SG",,75,0.484,0.831,113,783,283,218,152,52,87
10,136,170,170,163,137.4,De'Andre Hunter CLE,"SF,PF",GTD,65,0.449,0.843,140,961,245,91,49,21,70
11,145,144,144,85,136,Aaron Nesmith IND,SF,,69,0.473,0.852,155,1001,331,114,70,41,72
11,145,152,152,108,132.7,Zacchărie Risacher ATL,"SF,PF",GTD,75,0.479,0.730,165,1224,348,131,70,48,120
11,145,177,177,50,135.5,Sam Hauser BOS,"SF,PF",,75,0.439,0.854,252,983,348,152,63,28,46
11,145,182,182,120,134.7,Luguentz Dort OKC,"SG,SF",,71,0.431,0.770,162,715,291,121,81,38,61