yahoo_id,player,team,positions,status,gp,pre_rank,mpg,fgm,fga,fg_pct,ftm,fta,ft_pct,3ptm,pts,reb,ast,st,blk,to
5352,Nikola Jokić,DEN,C,,65.0,1.0,34.85,644.0,1132.0,0.569,399.0,480.0,0.831,112.0,1799.0,836.0,697.0,92.0,53.0,243.0
10094,Victor Wembanyama,SAS,C,,64.0,2.0,29.15,553.0,1080.0,0.512,372.0,450.0,0.827,122.0,1600.0,736.0,199.0,66.0,197.0,155.0
6014,Luka Dončić,LAL,"PG,SG",,64.0,3.0,35.766666666666666,693.0,1457.0,0.476,503.0,645.0,0.78,254.0,2143.0,495.0,530.0,105.0,34.0,255.0
6022,Shai Gilgeous-Alexander,OKC,PG,,68.0,4.0,33.21666666666667,731.0,1321.0,0.553,540.0,614.0,0.879,115.0,2117.0,292.0,448.0,95.0,52.0,151.0
6512,Cade Cunningham,DET,"PG,SG",,64.0,5.0,33.93333333333333,548.0,1189.0,0.461,310.0,382.0,0.812,125.0,1531.0,355.0,634.0,92.0,54.0,236.0
5185,Giannis Antetokounmpo,MIA,"PF,C",,36.0,6.0,28.85,373.0,598.0,0.624,232.0,357.0,0.65,15.0,993.0,352.0,196.0,34.0,24.0,115.0
5765,Jayson Tatum,BOS,"SF,PF",,16.0,7.0,32.61666666666667,118.0,287.0,0.411,65.0,79.0,0.823,47.0,348.0,160.0,85.0,22.0,3.0,39.0
6355,Anthony Edwards,MIN,"PG,SG",,61.0,8.0,35.016666666666666,602.0,1231.0,0.489,348.0,437.0,0.796,205.0,1757.0,302.0,226.0,83.0,49.0,174.0
6413,Tyrese Maxey,PHI,PG,,70.0,9.0,38.0,694.0,1501.0,0.462,372.0,417.0,0.892,220.0,1980.0,290.0,461.0,130.0,55.0,171.0
6404,Tyrese Haliburton,IND,"PG,SG",,,10.0,,,,,,,,,,,,,,
6562,Jalen Johnson,ATL,"SF,PF",,72.0,11.0,35.166666666666664,600.0,1228.0,0.489,301.0,382.0,0.788,120.0,1621.0,740.0,566.0,89.0,31.0,244.0
5826,Donovan Mitchell,CLE,"PG,SG",,70.0,12.0,33.45,678.0,1403.0,0.483,372.0,430.0,0.865,224.0,1952.0,316.0,398.0,104.0,20.0,198.0
10468,Cooper Flagg,DAL,"SG,SF,PF",,70.0,13.0,33.483333333333334,559.0,1194.0,0.468,283.0,342.0,0.827,72.0,1473.0,466.0,316.0,84.0,64.0,161.0
4244,Kevin Durant,HOU,"SG,SF,PF",,78.0,14.0,36.4,716.0,1376.0,0.52,408.0,467.0,0.874,186.0,2026.0,426.0,372.0,62.0,71.0,246.0
6515,Scottie Barnes,TOR,"SF,PF,C",,80.0,15.0,33.5,569.0,1123.0,0.507,242.0,297.0,0.815,68.0,1448.0,600.0,474.0,114.0,116.0,210.0
5432,Karl-Anthony Towns,NYK,"PF,C",,75.0,16.0,30.95,517.0,1032.0,0.501,357.0,416.0,0.858,113.0,1504.0,889.0,226.0,65.0,40.0,187.0
5638,Jamal Murray,DEN,PG,,75.0,17.0,35.35,657.0,1360.0,0.483,346.0,390.0,0.887,245.0,1905.0,330.0,535.0,66.0,29.0,171.0
6016,Trae Young,WAS,PG,P,15.0,18.0,25.6,81.0,177.0,0.458,80.0,97.0,0.825,27.0,269.0,30.0,120.0,13.0,2.0,39.0
6548,Josh Giddey,CHI,"PG,SG",,54.0,19.0,32.05,321.0,717.0,0.448,174.0,228.0,0.763,103.0,919.0,448.0,494.0,55.0,27.0,196.0
10108,Amen Thompson,HOU,"PG,SG",,79.0,20.0,37.36666666666667,557.0,1044.0,0.534,304.0,390.0,0.779,25.0,1443.0,614.0,420.0,119.0,48.0,190.0
6606,Austin Reaves,LAL,"PG,SG,SF",,51.0,21.0,34.55,373.0,762.0,0.49,323.0,371.0,0.871,118.0,1187.0,240.0,280.0,56.0,20.0,151.0
6558,Alperen Şengün,HOU,"PF,C",,72.0,22.0,33.3,583.0,1123.0,0.519,260.0,376.0,0.691,40.0,1466.0,640.0,445.0,85.0,77.0,227.0
5473,Devin Booker,PHX,"PG,SG",,64.0,23.0,33.516666666666666,546.0,1198.0,0.456,454.0,520.0,0.873,122.0,1668.0,248.0,386.0,51.0,18.0,201.0
6395,LaMelo Ball,MIN,PG,,72.0,24.0,28.0,506.0,1244.0,0.407,161.0,179.0,0.899,272.0,1445.0,347.0,514.0,87.0,17.0,202.0
4612,Stephen Curry,GSW,PG,,43.0,25.0,30.9,374.0,799.0,0.468,204.0,221.0,0.923,190.0,1142.0,154.0,203.0,49.0,17.0,121.0
5827,Bam Adebayo,MIA,"PF,C",,73.0,26.0,32.4,506.0,1145.0,0.442,329.0,423.0,0.778,127.0,1468.0,732.0,232.0,86.0,49.0,120.0
6514,Evan Mobley,CLE,"PF,C",,65.0,27.0,31.9,469.0,859.0,0.546,180.0,297.0,0.606,62.0,1180.0,586.0,234.0,48.0,113.0,122.0
6692,Chet Holmgren,OKC,"PF,C",,69.0,28.0,28.933333333333334,434.0,779.0,0.557,225.0,284.0,0.792,88.0,1181.0,615.0,115.0,43.0,131.0,107.0
6044,Jalen Brunson,NYK,PG,,74.0,29.0,35.0,689.0,1475.0,0.467,354.0,421.0,0.841,195.0,1927.0,247.0,503.0,57.0,8.0,175.0
6559,Trey Murphy III,NOP,"SG,SF",,66.0,30.0,35.46666666666667,494.0,1050.0,0.47,218.0,246.0,0.886,214.0,1420.0,377.0,250.0,99.0,24.0,120.0
4563,James Harden,CLE,"PG,SG",,70.0,31.0,34.81666666666667,487.0,1123.0,0.434,463.0,524.0,0.884,215.0,1652.0,336.0,557.0,79.0,28.0,245.0
5769,Lauri Markkanen,UTA,"SF,PF",,42.0,32.0,34.35,384.0,805.0,0.477,240.0,268.0,0.896,115.0,1123.0,289.0,89.0,42.0,21.0,63.0
6703,Jalen Duren,DET,C,Q,70.0,33.0,28.216666666666665,522.0,803.0,0.65,321.0,430.0,0.747,0.0,1365.0,737.0,138.0,57.0,59.0,130.0
6702,Jalen Williams,OKC,"SF,PF",,33.0,34.0,28.35,216.0,446.0,0.484,108.0,129.0,0.837,23.0,563.0,152.0,181.0,39.0,9.0,63.0
5642,Domantas Sabonis,SAC,"PF,C",,19.0,35.0,29.666666666666668,120.0,221.0,0.543,56.0,77.0,0.727,5.0,301.0,216.0,78.0,18.0,4.0,51.0
5842,Derrick White,BOS,"PG,SG",,77.0,36.0,34.083333333333336,437.0,1108.0,0.394,184.0,204.0,0.902,209.0,1267.0,339.0,414.0,88.0,98.0,134.0
4896,Kawhi Leonard,TOR,"SG,SF,PF",,65.0,37.0,32.06666666666667,635.0,1258.0,0.505,371.0,416.0,0.892,172.0,1813.0,413.0,234.0,122.0,27.0,133.0
10285,Donovan Clingan,POR,C,,77.0,38.0,27.183333333333334,356.0,684.0,0.52,138.0,203.0,0.68,84.0,934.0,892.0,162.0,44.0,130.0,95.0
10104,Brandon Miller,CHA,"SF,PF",,65.0,39.0,30.266666666666666,454.0,1044.0,0.435,199.0,223.0,0.892,204.0,1311.0,319.0,217.0,66.0,44.0,163.0
3704,LeBron James,PHI,"SF,PF",,60.0,40.0,33.15,473.0,919.0,0.515,233.0,316.0,0.737,77.0,1256.0,364.0,432.0,72.0,35.0,179.0
6712,Walker Kessler,LAL,C,,5.0,41.0,30.8,26.0,37.0,0.703,14.0,20.0,0.7,6.0,72.0,54.0,15.0,7.0,9.0,16.0
6015,Jaren Jackson Jr.,UTA,"PF,C",,48.0,42.0,30.283333333333335,342.0,719.0,0.476,163.0,203.0,0.803,84.0,931.0,272.0,94.0,53.0,69.0,107.0
10100,Keyonte George,UTA,"PG,SG",,54.0,43.0,33.06666666666667,402.0,881.0,0.456,337.0,378.0,0.892,134.0,1275.0,199.0,332.0,58.0,14.0,166.0
5602,Jaylen Brown,PHI,"SG,SF,PF",,71.0,44.0,34.4,736.0,1543.0,0.477,426.0,536.0,0.795,140.0,2038.0,492.0,364.0,72.0,27.0,259.0
5007,Anthony Davis,WAS,"PF,C",P,20.0,45.0,31.3,169.0,334.0,0.506,59.0,81.0,0.728,10.0,407.0,221.0,56.0,22.0,33.0,41.0
4840,Kyrie Irving,DAL,PG,Q,,46.0,,,,,,,,,,,,,,
6422,Desmond Bane,ORL,"SG,SF",,82.0,47.0,33.6,583.0,1205.0,0.484,314.0,346.0,0.908,167.0,1647.0,338.0,338.0,86.0,37.0,164.0
6401,Deni Avdija,POR,"SG,SF,PF",,66.0,48.0,33.31666666666667,492.0,1064.0,0.462,489.0,610.0,0.802,125.0,1598.0,454.0,442.0,51.0,41.0,253.0
6398,Onyeka Okongwu,ATL,C,,74.0,49.0,31.033333333333335,413.0,860.0,0.48,153.0,202.0,0.757,144.0,1123.0,562.0,231.0,82.0,79.0,127.0
6550,Franz Wagner,ORL,"SF,PF",,34.0,50.0,29.966666666666665,244.0,507.0,0.481,163.0,198.0,0.823,48.0,699.0,177.0,113.0,32.0,11.0,58.0
10592,Cameron Boozer,MEM,PF,,,51.0,,,,,,,,,,,,,,
6691,Paolo Banchero,ORL,PF,,72.0,52.0,34.75,529.0,1152.0,0.459,457.0,590.0,0.775,84.0,1599.0,604.0,373.0,51.0,40.0,222.0
5294,Joel Embiid,PHI,C,,38.0,53.0,31.6,341.0,697.0,0.489,286.0,335.0,0.854,53.0,1021.0,293.0,150.0,21.0,46.0,109.0
6167,Darius Garland,LAC,PG,,45.0,54.0,29.866666666666667,309.0,672.0,0.46,105.0,122.0,0.861,122.0,845.0,107.0,301.0,43.0,8.0,130.0
5660,Dejounte Murray,NOP,PG,,14.0,55.0,27.783333333333335,88.0,182.0,0.484,39.0,45.0,0.867,19.0,234.0,75.0,89.0,23.0,3.0,47.0
6205,Nickeil Alexander-Walker,ATL,"PG,SG",,78.0,56.0,33.36666666666667,548.0,1195.0,0.459,277.0,307.0,0.902,251.0,1624.0,268.0,286.0,102.0,42.0,162.0
5663,Ivica Zubac,IND,C,,48.0,57.0,30.116666666666667,288.0,482.0,0.598,101.0,142.0,0.711,0.0,677.0,509.0,105.0,18.0,40.0,86.0
5658,Pascal Siakam,IND,"PF,C",,62.0,58.0,33.166666666666664,559.0,1155.0,0.484,262.0,378.0,0.693,105.0,1485.0,411.0,236.0,69.0,25.0,138.0
6253,Naz Reid,CHA,"PF,C",,77.0,59.0,26.05,397.0,871.0,0.456,90.0,123.0,0.732,162.0,1046.0,477.0,170.0,76.0,78.0,126.0
6025,Michael Porter Jr.,BKN,"SF,PF",,52.0,60.0,32.46666666666667,444.0,958.0,0.463,195.0,227.0,0.859,176.0,1259.0,367.0,158.0,55.0,13.0,122.0
6698,Dyson Daniels,ATL,"SG,SF",,76.0,61.0,33.15,402.0,777.0,0.517,75.0,122.0,0.615,22.0,901.0,520.0,449.0,149.0,31.0,135.0
6734,Ryan Rollins,MIL,"PG,SG",,74.0,62.0,32.1,486.0,1030.0,0.472,125.0,157.0,0.796,184.0,1281.0,338.0,414.0,110.0,31.0,201.0
10294,Alex Sarr,WAS,C,Q,48.0,63.0,27.183333333333334,316.0,656.0,0.482,101.0,146.0,0.692,50.0,783.0,355.0,130.0,39.0,95.0,82.0
10450,Kon Knueppel,CHA,"SG,SF",Q,81.0,64.0,31.483333333333334,515.0,1084.0,0.475,195.0,226.0,0.863,273.0,1498.0,432.0,274.0,57.0,19.0,161.0
5835,Jarrett Allen,CLE,C,,56.0,65.0,27.116666666666667,337.0,528.0,0.638,185.0,261.0,0.709,1.0,860.0,476.0,100.0,55.0,47.0,75.0
5601,Brandon Ingram,LAC,"SG,SF,PF",O,77.0,66.0,33.81666666666667,614.0,1288.0,0.477,292.0,356.0,0.82,135.0,1655.0,430.0,284.0,58.0,55.0,187.0
5012,Damian Lillard,POR,PG,,,67.0,,,,,,,,,,,,,,
6175,Tyler Herro,MIL,"PG,SG",,33.0,68.0,31.3,247.0,515.0,0.48,99.0,108.0,0.917,84.0,677.0,158.0,136.0,23.0,12.0,64.0
10265,Matas Buzelis,CHI,"SF,PF",,77.0,69.0,29.183333333333334,446.0,963.0,0.463,187.0,238.0,0.786,173.0,1252.0,448.0,158.0,55.0,116.0,159.0
10287,Zach Edey,MEM,C,Q,11.0,70.0,25.816666666666666,62.0,98.0,0.633,25.0,32.0,0.781,1.0,150.0,122.0,12.0,7.0,21.0,26.0
10274,Kel'el Ware,MIL,C,,77.0,71.0,22.116666666666667,344.0,649.0,0.53,71.0,96.0,0.74,92.0,851.0,694.0,56.0,59.0,84.0,62.0
5836,OG Anunoby,NYK,"SF,PF",,67.0,72.0,33.18333333333333,389.0,804.0,0.484,183.0,221.0,0.828,157.0,1118.0,351.0,145.0,104.0,48.0,123.0
5318,Julius Randle,BKN,PF,,79.0,73.0,33.03333333333333,580.0,1207.0,0.481,398.0,496.0,0.802,109.0,1667.0,532.0,398.0,86.0,18.0,217.0
5767,De'Aaron Fox,SAS,PG,,72.0,74.0,30.983333333333334,509.0,1047.0,0.486,187.0,246.0,0.76,131.0,1336.0,270.0,445.0,89.0,19.0,164.0
6418,Payton Pritchard,BOS,PG,,79.0,75.0,32.35,506.0,1091.0,0.464,121.0,136.0,0.89,212.0,1345.0,312.0,408.0,58.0,10.0,109.0
10290,Stephon Castle,SAS,"PG,SG",,68.0,76.0,29.966666666666665,385.0,817.0,0.471,282.0,384.0,0.734,81.0,1133.0,362.0,502.0,78.0,19.0,217.0
10096,Ausar Thompson,DET,"SG,SF,PF",,73.0,77.0,25.966666666666665,303.0,577.0,0.525,109.0,191.0,0.571,6.0,721.0,418.0,228.0,146.0,69.0,110.0
6163,Zion Williamson,NOP,"PF,C",,62.0,78.0,29.683333333333334,484.0,807.0,0.6,333.0,465.0,0.716,1.0,1302.0,353.0,199.0,60.0,34.0,126.0
4725,Paul George,BOS,"SF,PF",,37.0,79.0,30.666666666666668,225.0,513.0,0.439,91.0,111.0,0.82,100.0,641.0,196.0,133.0,62.0,16.0,64.0
6169,Coby White,CHA,"PG,SG",,50.0,80.0,24.966666666666665,278.0,623.0,0.446,197.0,241.0,0.817,115.0,868.0,170.0,200.0,25.0,5.0,128.0
6021,Mikal Bridges,NYK,"SF,PF",,82.0,81.0,32.81666666666667,472.0,963.0,0.49,81.0,98.0,0.827,156.0,1181.0,312.0,304.0,107.0,62.0,83.0
5197,Rudy Gobert,MIN,C,,76.0,82.0,31.316666666666666,335.0,491.0,0.682,159.0,302.0,0.526,0.0,829.0,872.0,128.0,58.0,124.0,106.0
10467,Dylan Harper,SAS,"PG,SG",,69.0,83.0,22.566666666666666,331.0,656.0,0.505,90.0,119.0,0.756,61.0,813.0,234.0,266.0,54.0,24.0,99.0
10465,Cedric Coward,MEM,"SG,SF",,62.0,84.0,25.766666666666666,305.0,648.0,0.471,140.0,166.0,0.843,93.0,843.0,364.0,171.0,40.0,27.0,105.0
10595,Caleb Wilson,CHI,PF,,,85.0,,,,,,,,,,,,,,
6417,Immanuel Quickley,TOR,"PG,SG",,70.0,86.0,31.866666666666667,401.0,905.0,0.443,170.0,207.0,0.821,178.0,1150.0,282.0,415.0,92.0,5.0,102.0
5506,Norman Powell,CHI,"SG,SF",,58.0,87.0,29.6,421.0,895.0,0.47,263.0,318.0,0.827,156.0,1261.0,203.0,143.0,64.0,14.0,111.0
10454,VJ Edgecombe,PHI,"PG,SG",,75.0,88.0,34.96666666666667,451.0,1030.0,0.438,148.0,181.0,0.818,149.0,1199.0,423.0,315.0,107.0,39.0,137.0
6219,Nic Claxton,CHI,C,,69.0,89.0,27.816666666666666,333.0,583.0,0.571,141.0,229.0,0.616,3.0,810.0,478.0,253.0,45.0,77.0,96.0
6420,Jaden McDaniels,MIN,SF,,73.0,90.0,31.716666666666665,417.0,809.0,0.515,147.0,176.0,0.835,103.0,1084.0,310.0,199.0,81.0,73.0,131.0
6571,Day'Ron Sharpe,BKN,C,,62.0,91.0,18.7,214.0,356.0,0.601,103.0,152.0,0.678,9.0,540.0,413.0,145.0,67.0,26.0,106.0
10599,AJ Dybantsa,WAS,SF,,,92.0,,,,,,,,,,,,,,
6164,Ja Morant,POR,PG,,20.0,93.0,28.45,132.0,322.0,0.41,105.0,117.0,0.897,20.0,389.0,65.0,161.0,20.0,6.0,71.0
6516,Jalen Suggs,ORL,"PG,SG",,57.0,94.0,27.6,282.0,649.0,0.435,100.0,117.0,0.855,122.0,786.0,220.0,312.0,105.0,40.0,152.0
5292,Andrew Wiggins,MIA,"SG,SF,PF",,68.0,95.0,30.333333333333332,390.0,821.0,0.475,127.0,162.0,0.784,138.0,1045.0,329.0,182.0,76.0,69.0,103.0
10444,Derik Queen,NOP,"PF,C",,81.0,96.0,24.966666666666665,354.0,748.0,0.473,217.0,273.0,0.795,23.0,948.0,572.0,298.0,84.0,74.0,190.0
5843,Josh Hart,NYK,"SG,SF",,66.0,97.0,30.2,301.0,592.0,0.508,90.0,125.0,0.72,100.0,792.0,486.0,317.0,75.0,17.0,128.0
6693,Jabari Smith Jr.,HOU,"PF,C",,77.0,98.0,35.11666666666667,438.0,974.0,0.45,162.0,209.0,0.775,177.0,1215.0,529.0,143.0,56.0,71.0,105.0
5324,Zach LaVine,SAC,"PG,SG,SF",,39.0,99.0,31.366666666666667,262.0,547.0,0.479,125.0,142.0,0.88,99.0,748.0,108.0,89.0,28.0,10.0,74.0
6023,Miles Bridges,PHX,PF,,77.0,100.0,31.0,479.0,1042.0,0.46,208.0,253.0,0.822,148.0,1314.0,450.0,246.0,46.0,34.0,107.0
5471,Myles Turner,MIL,C,,71.0,101.0,26.916666666666668,284.0,646.0,0.44,131.0,177.0,0.74,147.0,846.0,378.0,103.0,50.0,115.0,83.0
4614,DeMar DeRozan,DEN,"SF,PF",,77.0,102.0,31.25,499.0,1005.0,0.497,374.0,431.0,0.868,47.0,1419.0,226.0,316.0,80.0,23.0,96.0
5856,Isaiah Hartenstein,OKC,C,P,47.0,103.0,24.183333333333334,184.0,296.0,0.622,64.0,105.0,0.61,0.0,432.0,443.0,166.0,48.0,36.0,82.0
6580,Ayo Dosunmu,MIN,"PG,SG",,69.0,104.0,27.25,386.0,747.0,0.517,127.0,145.0,0.876,123.0,1022.0,237.0,249.0,58.0,18.0,96.0
5327,Jusuf Nurkić,UTA,C,,41.0,105.0,26.4,180.0,358.0,0.503,62.0,113.0,0.549,25.0,447.0,425.0,196.0,52.0,22.0,101.0
10065,Toumani Camara,POR,"SF,PF",,82.0,106.0,33.3,392.0,891.0,0.44,97.0,137.0,0.708,219.0,1100.0,421.0,201.0,94.0,35.0,144.0
6720,Peyton Watson,CLE,"SF,PF",P,54.0,107.0,29.583333333333332,285.0,581.0,0.491,138.0,189.0,0.73,81.0,789.0,264.0,111.0,50.0,61.0,93.0
6721,Andrew Nembhard,IND,"PG,SG",,57.0,108.0,31.316666666666666,333.0,753.0,0.442,193.0,234.0,0.825,107.0,966.0,160.0,437.0,51.0,8.0,137.0
5161,CJ McCollum,ATL,"PG,SG",,76.0,109.0,29.783333333333335,525.0,1154.0,0.455,183.0,237.0,0.772,191.0,1424.0,252.0,293.0,64.0,35.0,135.0
6551,Davion Mitchell,MIA,PG,,70.0,110.0,28.566666666666666,261.0,533.0,0.49,42.0,65.0,0.646,90.0,654.0,186.0,453.0,68.0,11.0,108.0
10443,Collin Murray-Boyles,TOR,"PF,C",,57.0,111.0,21.85,198.0,342.0,0.579,71.0,108.0,0.657,17.0,484.0,285.0,106.0,52.0,53.0,59.0
5832,John Collins,DET,"PF,C",,69.0,112.0,27.116666666666667,364.0,659.0,0.552,118.0,154.0,0.766,89.0,935.0,367.0,70.0,60.0,51.0,95.0
6581,Neemias Queta,BOS,C,,76.0,113.0,25.333333333333332,326.0,499.0,0.653,123.0,175.0,0.703,1.0,776.0,636.0,126.0,60.0,100.0,75.0
6212,Ty Jerome,MEM,"PG,SG",,15.0,114.0,22.6,102.0,215.0,0.474,49.0,56.0,0.875,42.0,295.0,42.0,85.0,16.0,4.0,27.0
10590,Darryn Peterson,UTA,SG,,,115.0,,,,,,,,,,,,,,
6694,Keegan Murray,SAC,"SF,PF",,23.0,116.0,34.46666666666667,126.0,300.0,0.42,38.0,49.0,0.776,31.0,321.0,132.0,38.0,24.0,36.0,27.0
10115,Brandin Podziemski,GSW,"PG,SG",,82.0,117.0,28.45,394.0,866.0,0.455,192.0,241.0,0.797,153.0,1133.0,419.0,304.0,88.0,15.0,131.0
10447,Khaman Maluach,PHX,C,,46.0,118.0,8.916666666666666,56.0,105.0,0.533,22.0,31.0,0.71,5.0,139.0,133.0,6.0,5.0,33.0,25.0
10272,Kyshawn George,WAS,"SG,SF,PF",,48.0,119.0,28.966666666666665,253.0,577.0,0.438,105.0,131.0,0.802,99.0,710.0,245.0,214.0,48.0,43.0,125.0
6226,Daniel Gafford,DAL,C,,55.0,120.0,21.716666666666665,207.0,316.0,0.655,110.0,161.0,0.683,0.0,524.0,378.0,58.0,42.0,69.0,63.0
6171,Rui Hachimura,LAC,"SF,PF",,68.0,121.0,28.333333333333332,307.0,597.0,0.514,50.0,72.0,0.694,116.0,780.0,226.0,57.0,39.0,21.0,42.0
5640,Jakob Poeltl,TOR,C,,46.0,122.0,24.966666666666665,217.0,310.0,0.7,59.0,98.0,0.602,0.0,493.0,323.0,93.0,40.0,32.0,57.0
6018,Wendell Carter Jr.,ORL,C,,78.0,123.0,29.316666666666666,326.0,637.0,0.512,198.0,250.0,0.792,72.0,922.0,577.0,154.0,60.0,49.0,100.0
6165,RJ Barrett,TOR,"SG,SF,PF",,57.0,124.0,30.266666666666666,401.0,816.0,0.491,200.0,279.0,0.717,96.0,1098.0,300.0,189.0,42.0,19.0,99.0
6751,Collin Gillespie,PHX,"PG,SG",,80.0,125.0,28.516666666666666,352.0,842.0,0.418,76.0,87.0,0.874,232.0,1012.0,327.0,371.0,99.0,16.0,125.0
6567,Quentin Grimes,LAL,"SG,SF",,75.0,126.0,29.4,340.0,755.0,0.45,199.0,237.0,0.84,127.0,1006.0,273.0,244.0,64.0,28.0,133.0
5295,Aaron Gordon,DEN,"PF,C",,36.0,127.0,27.916666666666668,198.0,398.0,0.497,125.0,163.0,0.767,61.0,582.0,209.0,96.0,21.0,10.0,38.0
10107,Cason Wallace,OKC,"PG,SG,SF",,77.0,128.0,26.566666666666666,252.0,584.0,0.432,55.0,68.0,0.809,101.0,660.0,238.0,200.0,150.0,28.0,73.0
6549,Jonathan Kuminga,MIN,"SF,PF",,36.0,129.0,23.05,157.0,339.0,0.463,89.0,123.0,0.724,35.0,438.0,202.0,83.0,22.0,11.0,67.0
6513,Jalen Green,PHX,"SG,SF",,32.0,130.0,25.866666666666667,216.0,512.0,0.422,65.0,87.0,0.747,71.0,568.0,116.0,91.0,34.0,8.0,72.0
10445,Egor Dëmin,BKN,"PG,SG",,52.0,131.0,25.15,179.0,449.0,0.399,54.0,65.0,0.831,124.0,536.0,165.0,173.0,42.0,17.0,86.0
6411,Saddiq Bey,NOP,"SF,PF",,72.0,132.0,31.183333333333334,436.0,967.0,0.451,248.0,295.0,0.841,151.0,1271.0,400.0,182.0,68.0,7.0,68.0
6174,P.J. Washington,DAL,"PF,C",,56.0,133.0,31.0,296.0,658.0,0.45,125.0,182.0,0.687,76.0,793.0,394.0,98.0,55.0,60.0,94.0
6577,Herbert Jones,NOP,"SG,SF",,56.0,134.0,28.35,183.0,478.0,0.383,50.0,62.0,0.806,80.0,496.0,190.0,155.0,88.0,27.0,73.0
6173,Cameron Johnson,DEN,"SF,PF",,54.0,135.0,30.5,228.0,475.0,0.48,94.0,112.0,0.839,110.0,660.0,206.0,132.0,40.0,21.0,47.0
4622,Jrue Holiday,POR,"PG,SG",,53.0,136.0,29.416666666666668,320.0,709.0,0.451,88.0,105.0,0.838,137.0,865.0,245.0,322.0,54.0,6.0,146.0
5069,Draymond Green,GSW,"PF,C",,68.0,137.0,27.483333333333334,205.0,491.0,0.418,59.0,84.0,0.702,101.0,570.0,375.0,376.0,61.0,42.0,181.0
6733,Moussa Diabaté,CHA,C,,73.0,138.0,26.0,229.0,363.0,0.631,116.0,176.0,0.659,1.0,575.0,635.0,141.0,56.0,72.0,73.0
6596,Sandro Mamukelashvili,LAL,"PF,C",,80.0,139.0,21.883333333333333,330.0,631.0,0.523,118.0,158.0,0.747,115.0,893.0,395.0,151.0,64.0,41.0,67.0
10092,Jaime Jaquez Jr.,MIL,"SG,SF,PF",,75.0,140.0,28.266666666666666,464.0,915.0,0.507,166.0,216.0,0.769,58.0,1152.0,375.0,352.0,51.0,21.0,152.0
6745,Gui Santos,GSW,"SF,PF",,68.0,141.0,20.5,230.0,460.0,0.5,87.0,120.0,0.725,78.0,625.0,266.0,159.0,61.0,22.0,102.0
5858,Dillon Brooks,PHX,"SF,PF",,56.0,142.0,30.383333333333333,417.0,959.0,0.435,170.0,202.0,0.842,127.0,1131.0,203.0,99.0,57.0,9.0,98.0
10289,Yves Missi,NOP,C,,66.0,143.0,19.65,160.0,294.0,0.544,57.0,102.0,0.559,0.0,377.0,385.0,84.0,20.0,101.0,54.0
10571,Yaxel Lendeborg,GSW,PF,,,144.0,,,,,,,,,,,,,,
10304,Ajay Mitchell,OKC,"PG,SG",P,57.0,145.0,25.833333333333332,286.0,590.0,0.485,141.0,162.0,0.87,61.0,774.0,190.0,206.0,71.0,18.0,81.0
10095,Anthony Black,ORL,"PG,SG,SF",Q,64.0,146.0,29.833333333333332,345.0,772.0,0.447,169.0,231.0,0.732,100.0,959.0,244.0,236.0,91.0,45.0,132.0
10312,Pelle Larsson,MIA,"SG,SF",,70.0,147.0,26.4,277.0,559.0,0.496,184.0,231.0,0.797,62.0,800.0,244.0,236.0,49.0,16.0,101.0
6433,Tre Jones,CHI,"PG,SG",,65.0,148.0,26.95,341.0,617.0,0.553,191.0,227.0,0.841,41.0,914.0,204.0,350.0,76.0,11.0,92.0
10288,Reed Sheppard,HOU,"PG,SG",,82.0,149.0,26.166666666666668,407.0,946.0,0.43,69.0,86.0,0.802,227.0,1110.0,238.0,277.0,122.0,54.0,123.0
6406,Aaron Nesmith,IND,"SG,SF",,45.0,150.0,29.666666666666668,212.0,512.0,0.414,92.0,111.0,0.829,105.0,621.0,187.0,86.0,26.0,23.0,63.0
4901,Tobias Harris,SAS,PF,,63.0,151.0,27.7,309.0,659.0,0.469,136.0,157.0,0.866,82.0,836.0,323.0,157.0,58.0,26.0,63.0
5464,Kristaps Porziņģis,GSW,C,Q,32.0,152.0,24.016666666666666,173.0,388.0,0.446,133.0,158.0,0.842,54.0,533.0,167.0,81.0,18.0,38.0,41.0
5727,Fred VanVleet,HOU,PG,,,153.0,,,,,,,,,,,,,,
4912,Jimmy Butler III,GSW,"SF,PF",O,38.0,154.0,31.1,240.0,462.0,0.519,248.0,287.0,0.864,32.0,760.0,211.0,185.0,55.0,8.0,60.0
10582,Darius Acuff Jr.,SAC,PG,,,155.0,,,,,,,,,,,,,,
6696,Bennedict Mathurin,NOP,"SG,SF",,54.0,156.0,30.0,291.0,677.0,0.43,292.0,336.0,0.869,75.0,949.0,293.0,129.0,43.0,13.0,118.0
6403,Devin Vassell,SAS,"SG,SF",,67.0,157.0,30.5,330.0,755.0,0.437,106.0,130.0,0.815,166.0,932.0,269.0,167.0,57.0,25.0,60.0
6218,Kevin Porter Jr.,MIL,"PG,SG",,38.0,158.0,33.166666666666664,239.0,514.0,0.465,137.0,156.0,0.878,46.0,661.0,198.0,280.0,83.0,19.0,110.0
10462,Ace Bailey,UTA,"SF,PF",,72.0,159.0,27.6,395.0,892.0,0.443,66.0,88.0,0.75,137.0,993.0,302.0,131.0,60.0,49.0,107.0
4472,Brook Lopez,LAC,C,,75.0,160.0,21.8,232.0,542.0,0.428,56.0,74.0,0.757,114.0,634.0,273.0,97.0,45.0,87.0,61.0
5482,Bobby Portis Jr.,MIA,"PF,C",,67.0,161.0,24.15,366.0,750.0,0.488,48.0,68.0,0.706,135.0,915.0,428.0,105.0,41.0,12.0,66.0
10496,Maxime Raynaud,SAC,C,,74.0,162.0,26.533333333333335,383.0,671.0,0.571,132.0,168.0,0.786,24.0,922.0,556.0,100.0,38.0,39.0,94.0
6707,Tari Eason,HOU,"SG,SF,PF",,60.0,163.0,25.816666666666666,241.0,580.0,0.416,52.0,67.0,0.776,93.0,627.0,376.0,90.0,72.0,28.0,81.0
5475,Kelly Oubre Jr.,IND,"SF,PF",,50.0,164.0,31.466666666666665,254.0,544.0,0.467,111.0,145.0,0.766,86.0,705.0,252.0,80.0,68.0,24.0,69.0
6450,Paul Reed,DET,"PF,C",,65.0,165.0,13.85,209.0,339.0,0.617,73.0,110.0,0.664,13.0,504.0,294.0,80.0,57.0,60.0,58.0
10097,Dereck Lively II,DAL,C,Q,7.0,166.0,16.416666666666668,11.0,18.0,0.611,8.0,10.0,0.8,0.0,30.0,37.0,13.0,4.0,11.0,10.0
10316,Daniss Jenkins,DET,"PG,SG",,72.0,167.0,20.2,232.0,568.0,0.408,134.0,161.0,0.832,73.0,671.0,166.0,278.0,64.0,15.0,115.0
10440,Jeremiah Fears,NOP,"PG,SG",,82.0,168.0,25.75,437.0,1006.0,0.434,194.0,246.0,0.789,101.0,1169.0,300.0,279.0,97.0,30.0,178.0
5958,Deandre Ayton,WAS,C,,72.0,169.0,27.183333333333334,403.0,601.0,0.671,91.0,141.0,0.645,0.0,897.0,575.0,59.0,41.0,70.0,83.0
10313,Oso Ighodaro,PHX,C,,82.0,170.0,22.05,239.0,366.0,0.653,53.0,117.0,0.453,0.0,531.0,418.0,185.0,73.0,57.0,101.0
5187,Dennis Schröder,CHA,"PG,SG",,70.0,171.0,24.233333333333334,255.0,629.0,0.405,171.0,205.0,0.834,75.0,756.0,190.0,341.0,55.0,11.0,124.0
6166,De'Andre Hunter,SAC,"SF,PF",,45.0,172.0,26.116666666666667,208.0,501.0,0.415,124.0,143.0,0.867,75.0,615.0,185.0,90.0,30.0,6.0,75.0
6711,Christian Braun,DEN,"SG,SF,PF",,44.0,173.0,31.8,202.0,389.0,0.519,79.0,101.0,0.782,43.0,526.0,211.0,120.0,30.0,12.0,43.0
6408,Isaiah Stewart,MEM,"PF,C",,58.0,174.0,22.7,221.0,402.0,0.55,99.0,131.0,0.756,40.0,581.0,290.0,66.0,16.0,93.0,67.0
6709,Jake LaRavia,LAL,"SF,PF",,82.0,175.0,25.116666666666667,240.0,523.0,0.459,116.0,152.0,0.763,78.0,674.0,326.0,145.0,104.0,38.0,87.0
6572,Santi Aldama,DAL,PF,Q,43.0,176.0,27.85,228.0,476.0,0.479,76.0,114.0,0.667,70.0,602.0,287.0,126.0,37.0,31.0,55.0
4897,Nikola Vučević,ORL,C,,64.0,177.0,28.4,394.0,799.0,0.493,77.0,93.0,0.828,100.0,965.0,537.0,213.0,39.0,41.0,85.0
6047,Mitchell Robinson,BOS,C,,60.0,178.0,19.566666666666666,149.0,206.0,0.723,42.0,103.0,0.408,0.0,340.0,525.0,52.0,56.0,70.0,41.0
6754,Julian Champagnie,SAS,"SF,PF",,82.0,179.0,27.616666666666667,301.0,689.0,0.437,114.0,135.0,0.844,195.0,911.0,473.0,127.0,62.0,38.0,69.0
10588,Mikel Brown Jr.,BKN,PG,Q,,180.0,,,,,,,,,,,,,,
6619,Sam Hauser,BOS,"SF,PF",,78.0,181.0,24.783333333333335,252.0,601.0,0.419,17.0,20.0,0.85,198.0,719.0,300.0,114.0,38.0,23.0,35.0
10460,Joan Beringer,MIN,"PF,C",,40.0,182.0,7.85,65.0,98.0,0.663,26.0,37.0,0.703,0.0,156.0,92.0,12.0,7.0,26.0,11.0
6757,Scotty Pippen Jr.,MEM,PG,,10.0,183.0,21.2,43.0,96.0,0.448,18.0,23.0,0.783,10.0,114.0,22.0,47.0,19.0,4.0,27.0
10282,Isaiah Collier,UTA,"PG,SG",,59.0,184.0,25.7,255.0,515.0,0.495,151.0,209.0,0.722,27.0,688.0,150.0,423.0,66.0,20.0,148.0
10048,Scoot Henderson,POR,PG,,30.0,185.0,24.916666666666668,143.0,342.0,0.418,84.0,100.0,0.84,57.0,427.0,80.0,112.0,27.0,9.0,73.0
6216,Jordan Poole,NOP,"PG,SG",,39.0,186.0,23.916666666666668,165.0,444.0,0.372,98.0,114.0,0.86,96.0,524.0,77.0,119.0,22.0,15.0,69.0
6032,Grayson Allen,CHA,"SG,SF",,51.0,187.0,28.75,269.0,667.0,0.403,144.0,168.0,0.857,159.0,841.0,155.0,195.0,69.0,13.0,83.0
6578,Miles McBride,NYK,"PG,SG",,41.0,188.0,26.333333333333332,171.0,404.0,0.423,37.0,47.0,0.787,112.0,491.0,100.0,106.0,35.0,9.0,33.0
6617,Jay Huff,IND,C,,82.0,189.0,20.95,291.0,611.0,0.476,82.0,99.0,0.828,119.0,783.0,324.0,121.0,41.0,153.0,76.0
6499,Naji Marshall,DAL,"SG,SF,PF",,74.0,190.0,29.5,419.0,821.0,0.51,228.0,300.0,0.76,62.0,1128.0,348.0,241.0,82.0,6.0,119.0
5636,Kris Dunn,LAC,"PG,SG",,82.0,191.0,27.2,227.0,477.0,0.476,62.0,81.0,0.765,80.0,596.0,271.0,295.0,131.0,14.0,111.0
10276,Jared McCain,OKC,"PG,SG",,67.0,192.0,17.3,204.0,480.0,0.425,51.0,59.0,0.864,99.0,558.0,137.0,90.0,35.0,5.0,56.0
5350,Jerami Grant,MEM,"SF,PF",,57.0,193.0,29.733333333333334,331.0,730.0,0.453,262.0,322.0,0.814,136.0,1060.0,198.0,122.0,42.0,36.0,119.0
5840,Kyle Kuzma,MIL,"SF,PF",,69.0,194.0,26.166666666666668,339.0,689.0,0.492,135.0,186.0,0.726,83.0,896.0,313.0,184.0,46.0,28.0,119.0
6030,Kevin Huerter,DET,"SG,SF",,69.0,195.0,22.45,269.0,596.0,0.451,55.0,71.0,0.775,100.0,693.0,240.0,178.0,63.0,33.0,72.0
5754,Alex Caruso,OKC,"SG,SF",,56.0,196.0,18.2,127.0,300.0,0.423,41.0,51.0,0.804,53.0,348.0,155.0,110.0,72.0,17.0,48.0
10510,Dylan Cardwell,SAC,"PF,C",,44.0,197.0,20.6,105.0,179.0,0.587,26.0,51.0,0.51,2.0,238.0,332.0,62.0,30.0,67.0,39.0
10315,Kyle Filipowski,UTA,"PF,C",,77.0,198.0,23.383333333333333,323.0,657.0,0.492,159.0,212.0,0.75,74.0,879.0,552.0,198.0,73.0,39.0,125.0
6035,Anfernee Simons,PHI,"PG,SG",,55.0,199.0,24.95,285.0,648.0,0.44,69.0,77.0,0.896,146.0,785.0,135.0,134.0,27.0,8.0,68.0
6019,Collin Sexton,LAL,"PG,SG",,68.0,200.0,23.733333333333334,360.0,742.0,0.485,218.0,255.0,0.855,112.0,1050.0,155.0,223.0,76.0,10.0,141.0
6705,Mark Williams,PHX,C,O,60.0,201.0,23.6,282.0,438.0,0.644,135.0,175.0,0.771,1.0,700.0,477.0,58.0,55.0,55.0,65.0
6038,Robert Williams III,POR,C,,59.0,202.0,17.066666666666666,177.0,250.0,0.708,34.0,57.0,0.596,9.0,397.0,415.0,60.0,35.0,87.0,49.0
10099,Bilal Coulibaly,WAS,"SG,SF",,56.0,203.0,26.2,230.0,541.0,0.425,132.0,177.0,0.746,65.0,657.0,243.0,145.0,75.0,54.0,81.0
6412,Precious Achiuwa,SAC,"PF,C",,73.0,204.0,23.9,316.0,598.0,0.528,77.0,139.0,0.554,27.0,736.0,492.0,101.0,65.0,50.0,65.0
4245,Al Horford,GSW,"PF,C",,45.0,205.0,21.516666666666666,138.0,324.0,0.426,22.0,26.0,0.846,74.0,372.0,219.0,116.0,30.0,51.0,42.0
6217,Keldon Johnson,SAS,"SF,PF",,82.0,206.0,23.3,414.0,797.0,0.519,154.0,194.0,0.794,99.0,1081.0,440.0,111.0,46.0,11.0,70.0
4892,Klay Thompson,MIA,"SG,SF",,69.0,207.0,21.7,286.0,728.0,0.393,36.0,47.0,0.766,202.0,810.0,143.0,96.0,33.0,22.0,63.0
10572,Morez Johnson Jr.,DAL,PF,Q,,208.0,,,,,,,,,,,,,,
6267,Max Strus,LAC,"SF,PF",,12.0,209.0,24.0,47.0,106.0,0.443,7.0,9.0,0.778,33.0,134.0,65.0,24.0,3.0,0.0,9.0
10585,Keaton Wagler,LAC,SG,,,210.0,,,,,,,,,,,,,,
5015,Andre Drummond,NYK,C,,63.0,211.0,19.533333333333335,159.0,337.0,0.472,53.0,84.0,0.631,32.0,403.0,532.0,80.0,38.0,49.0,61.0
5009,Bradley Beal,LAC,"SG,SF",Q,6.0,212.0,20.166666666666668,18.0,48.0,0.375,6.0,8.0,0.75,7.0,49.0,5.0,10.0,3.0,0.0,9.0
5824,Malik Monk,SAC,"PG,SG",,62.0,213.0,22.0,277.0,632.0,0.438,94.0,107.0,0.879,124.0,772.0,117.0,185.0,37.0,24.0,91.0
6697,Shaedon Sharpe,POR,"PG,SG",O,50.0,214.0,29.416666666666668,392.0,868.0,0.452,155.0,197.0,0.787,103.0,1042.0,217.0,132.0,70.0,6.0,147.0
6073,Duncan Robinson,DET,"SG,SF",,77.0,215.0,27.433333333333334,318.0,698.0,0.456,83.0,110.0,0.755,220.0,939.0,205.0,159.0,44.0,22.0,54.0
5905,Royce O'Neale,CHA,"SF,PF",,78.0,216.0,28.366666666666667,263.0,625.0,0.421,27.0,38.0,0.711,212.0,765.0,372.0,208.0,84.0,32.0,103.0
10340,Jaylen Wells,MEM,"SG,SF",,69.0,217.0,26.383333333333333,301.0,698.0,0.431,134.0,171.0,0.784,129.0,865.0,220.0,111.0,61.0,9.0,74.0
5317,Marcus Smart,HOU,"PG,SG",,62.0,218.0,28.516666666666666,188.0,476.0,0.395,106.0,129.0,0.822,97.0,579.0,172.0,185.0,87.0,23.0,92.0
10070,GG Jackson,MEM,"SF,PF,C",,55.0,219.0,21.416666666666668,255.0,514.0,0.496,112.0,151.0,0.742,64.0,686.0,235.0,81.0,31.0,44.0,85.0
10448,Tre Johnson,WAS,"PG,SG,SF",,60.0,220.0,24.05,271.0,647.0,0.419,76.0,87.0,0.874,115.0,733.0,170.0,122.0,33.0,18.0,93.0
10449,Will Riley,WAS,"SF,PF",,74.0,221.0,22.066666666666666,271.0,618.0,0.439,144.0,180.0,0.8,78.0,764.0,212.0,146.0,54.0,9.0,94.0
10280,Terrence Shannon Jr.,MIN,"SG,SF",,43.0,222.0,12.5,77.0,171.0,0.45,56.0,70.0,0.8,31.0,241.0,49.0,38.0,14.0,1.0,24.0
6724,Jaylin Williams,OKC,"PF,C",,65.0,223.0,19.65,149.0,352.0,0.423,73.0,92.0,0.793,98.0,469.0,358.0,158.0,31.0,42.0,67.0
6254,Luguentz Dort,ATL,"SG,SF",,69.0,224.0,26.8,202.0,524.0,0.385,44.0,58.0,0.759,128.0,576.0,245.0,85.0,62.0,27.0,54.0
5747,Derrick Jones Jr.,LAC,"SF,PF",,50.0,225.0,27.0,189.0,379.0,0.499,71.0,93.0,0.763,55.0,504.0,173.0,69.0,45.0,50.0,40.0
10279,Jaylon Tyson,CLE,"SG,SF,PF",,66.0,226.0,26.916666666666668,330.0,670.0,0.493,79.0,107.0,0.738,133.0,872.0,338.0,147.0,54.0,28.0,99.0
10469,Nique Clifford,SAC,"SG,SF",,75.0,227.0,25.083333333333332,249.0,596.0,0.418,70.0,97.0,0.722,77.0,645.0,282.0,179.0,68.0,24.0,116.0
6402,Jalen Smith,CHI,"PF,C",,53.0,228.0,20.65,195.0,404.0,0.483,69.0,93.0,0.742,82.0,541.0,355.0,65.0,24.0,42.0,53.0
10476,Ryan Kalkbrenner,CHA,C,,69.0,229.0,21.416666666666668,219.0,291.0,0.753,83.0,116.0,0.716,0.0,521.0,377.0,54.0,32.0,101.0,62.0
10121,Noah Clowney,BKN,"PF,C",,66.0,230.0,26.966666666666665,250.0,631.0,0.396,180.0,224.0,0.804,129.0,809.0,273.0,108.0,50.0,45.0,102.0
5582,T.J. McConnell,IND,PG,,56.0,231.0,17.2,242.0,450.0,0.538,25.0,29.0,0.862,16.0,525.0,124.0,287.0,56.0,10.0,64.0
5600,Ben Simmons,SAC,PG,,,232.0,,,,,,,,,,,,,,
10327,Cam Spencer,MEM,"PG,SG",,72.0,233.0,23.8,263.0,556.0,0.473,126.0,134.0,0.94,146.0,798.0,183.0,400.0,52.0,11.0,93.0
6717,Nikola Jović,MIA,"PF,C",,47.0,234.0,17.183333333333334,115.0,314.0,0.366,69.0,101.0,0.683,45.0,344.0,153.0,102.0,26.0,17.0,65.0
6568,Bones Hyland,MIN,"PG,SG",,71.0,235.0,16.566666666666666,212.0,468.0,0.453,64.0,82.0,0.78,116.0,604.0,127.0,188.0,44.0,17.0,70.0
10122,Brice Sensabaugh,UTA,"SG,SF,PF",,75.0,236.0,23.483333333333334,394.0,857.0,0.46,166.0,201.0,0.826,162.0,1116.0,231.0,143.0,54.0,12.0,124.0
10275,Tristan da Silva,ORL,"SF,PF",,77.0,237.0,24.65,279.0,620.0,0.45,84.0,95.0,0.884,120.0,762.0,284.0,124.0,68.0,25.0,69.0
10333,Jamal Shead,TOR,PG,,82.0,238.0,22.583333333333332,185.0,504.0,0.367,91.0,116.0,0.784,84.0,545.0,143.0,444.0,76.0,15.0,112.0
10101,Gradey Dick,LAC,"SG,SF",,76.0,239.0,14.033333333333333,161.0,384.0,0.419,77.0,88.0,0.875,56.0,455.0,147.0,51.0,45.0,7.0,43.0
5823,Zach Collins,CHI,C,Q,10.0,240.0,18.4,37.0,64.0,0.578,14.0,20.0,0.7,9.0,97.0,56.0,15.0,2.0,4.0,10.0
10273,Bub Carrington,WAS,"PG,SG",,82.0,241.0,27.7,314.0,741.0,0.424,81.0,111.0,0.73,169.0,878.0,276.0,381.0,52.0,17.0,191.0
10576,Brayden Burries,MIL,SG,,,242.0,,,,,,,,,,,,,,
10574,Kingston Flemings,ATL,PG,,,243.0,,,,,,,,,,,,,,
5959,Marvin Bagley III,DEN,"PF,C",,60.0,244.0,20.016666666666666,254.0,411.0,0.618,95.0,144.0,0.66,24.0,627.0,366.0,85.0,28.0,43.0,61.0
6057,De'Anthony Melton,GSW,"PG,SG",,49.0,245.0,22.95,215.0,528.0,0.407,100.0,121.0,0.826,72.0,602.0,158.0,125.0,77.0,20.0,91.0
5357,Jordan Clarkson,NYK,"SG,SF",,72.0,246.0,17.75,237.0,526.0,0.451,78.0,94.0,0.83,70.0,622.0,127.0,96.0,30.0,9.0,63.0
5073,Khris Middleton,WAS,"SF,PF",,63.0,247.0,22.833333333333332,227.0,540.0,0.42,119.0,136.0,0.875,67.0,640.0,231.0,176.0,41.0,9.0,108.0
5159,K. Caldwell-Pope,PHI,"SG,SF",,51.0,248.0,21.316666666666666,150.0,366.0,0.41,73.0,80.0,0.913,55.0,428.0,125.0,139.0,43.0,8.0,61.0
10570,Allen Graves,TOR,PF,,,249.0,,,,,,,,,,,,,,
10579,Aday Mara,OKC,C,,,250.0,,,,,,,,,,,,,,
6028,Donte DiVincenzo,MIN,"SG,SF",O,82.0,251.0,30.4,339.0,835.0,0.406,78.0,105.0,0.743,244.0,1000.0,336.0,313.0,104.0,34.0,118.0
6725,Max Christie,DAL,"SG,SF",,77.0,252.0,29.133333333333333,320.0,725.0,0.441,125.0,139.0,0.899,180.0,945.0,249.0,151.0,47.0,27.0,96.0
5903,Luke Kornet,SAS,C,,68.0,253.0,21.016666666666666,175.0,272.0,0.643,94.0,114.0,0.825,0.0,444.0,414.0,126.0,32.0,65.0,28.0
5194,Tim Hardaway Jr.,MIA,"SG,SF",,80.0,254.0,26.583333333333332,348.0,779.0,0.447,159.0,196.0,0.811,224.0,1079.0,206.0,108.0,42.0,10.0,43.0
6441,Isaiah Joe,DET,"SG,SF",,71.0,255.0,21.216666666666665,247.0,543.0,0.455,110.0,123.0,0.894,181.0,785.0,181.0,94.0,50.0,11.0,45.0
6632,Justin Champagnie,WAS,"SF,PF",,69.0,256.0,19.95,232.0,462.0,0.502,80.0,102.0,0.784,53.0,597.0,384.0,84.0,59.0,43.0,45.0
6753,Keon Ellis,BKN,"SG,SF",,72.0,257.0,20.516666666666666,169.0,384.0,0.44,51.0,70.0,0.729,91.0,480.0,135.0,72.0,83.0,46.0,41.0
6269,Javonte Green,DET,"SG,SF",,82.0,258.0,17.616666666666667,185.0,414.0,0.447,105.0,125.0,0.84,94.0,569.0,230.0,56.0,102.0,25.0,45.0
5825,Luke Kennard,PHX,"SG,SF",,78.0,259.0,21.55,236.0,443.0,0.533,63.0,69.0,0.913,117.0,652.0,182.0,174.0,55.0,8.0,60.0
5013,Harrison Barnes,SAS,PF,,77.0,260.0,25.783333333333335,262.0,575.0,0.456,102.0,123.0,0.829,139.0,765.0,213.0,148.0,50.0,12.0,61.0
6556,Moses Moody,GSW,"SG,SF,PF",O,60.0,261.0,25.666666666666668,245.0,557.0,0.44,87.0,113.0,0.77,151.0,728.0,200.0,98.0,58.0,34.0,57.0
6755,AJ Green,MIL,"PG,SG,SF",,78.0,262.0,29.1,262.0,618.0,0.424,53.0,62.0,0.855,232.0,809.0,213.0,152.0,39.0,8.0,75.0
6616,Jordan Goodwin,PHX,"PG,SG",,70.0,263.0,22.45,229.0,555.0,0.413,39.0,56.0,0.696,112.0,609.0,341.0,151.0,106.0,14.0,68.0
4390,Russell Westbrook,SAC,"PG,SG",NA,64.0,264.0,28.95,358.0,839.0,0.427,127.0,183.0,0.694,128.0,971.0,348.0,426.0,83.0,12.0,209.0
6206,Goga Bitadze,ORL,C,,64.0,265.0,15.183333333333334,152.0,225.0,0.676,69.0,97.0,0.711,2.0,375.0,320.0,84.0,37.0,61.0,43.0
5739,Gary Payton II,GSW,"SG,SF",,73.0,266.0,15.633333333333333,242.0,415.0,0.583,26.0,40.0,0.65,37.0,547.0,265.0,123.0,67.0,21.0,62.0
6053,Bruce Brown,NYK,"PG,SG",,82.0,267.0,24.366666666666667,248.0,522.0,0.475,96.0,126.0,0.762,57.0,649.0,318.0,174.0,85.0,20.0,91.0
10103,Jarace Walker,IND,"SF,PF",,76.0,268.0,25.7,307.0,733.0,0.419,137.0,183.0,0.749,133.0,884.0,391.0,192.0,63.0,26.0,139.0
10263,Ronald Holland II,DET,"SF,PF",,78.0,269.0,19.866666666666667,235.0,544.0,0.432,120.0,149.0,0.805,50.0,640.0,315.0,95.0,92.0,27.0,96.0
6452,Sam Merrill,CLE,"SG,SF",,52.0,270.0,26.466666666666665,223.0,484.0,0.461,59.0,69.0,0.855,158.0,663.0,133.0,125.0,33.0,7.0,42.0
6552,Ziaire Williams,LAL,"SG,SF",,56.0,271.0,22.866666666666667,184.0,433.0,0.425,119.0,140.0,0.85,86.0,573.0,134.0,60.0,76.0,21.0,59.0
6597,Aaron Wiggins,ATL,"SG,SF",,65.0,272.0,21.75,231.0,536.0,0.431,53.0,72.0,0.736,96.0,611.0,199.0,109.0,60.0,28.0,81.0
10296,Zaccharie Risacher,DAL,"SF,PF",,67.0,273.0,22.416666666666668,244.0,536.0,0.455,58.0,90.0,0.644,95.0,641.0,257.0,76.0,59.0,36.0,58.0
10278,Ja'Kobe Walter,TOR,"PG,SG",,72.0,274.0,20.466666666666665,180.0,404.0,0.446,71.0,90.0,0.789,110.0,541.0,185.0,86.0,73.0,14.0,37.0
6791,Dominick Barlow,PHI,"PF,C",,71.0,275.0,23.783333333333335,215.0,399.0,0.539,94.0,131.0,0.718,21.0,545.0,340.0,87.0,63.0,53.0,56.0
6255,John Konchar,NYK,"SG,SF",NA,56.0,276.0,19.9,94.0,199.0,0.472,32.0,44.0,0.727,28.0,248.0,240.0,118.0,83.0,38.0,35.0
6613,Jose Alvarado,NYK,PG,,69.0,277.0,19.85,187.0,449.0,0.416,35.0,46.0,0.761,101.0,510.0,171.0,234.0,66.0,8.0,77.0
4886,Jonas Valančiūnas,DEN,C,NA,65.0,278.0,13.4,227.0,390.0,0.582,105.0,136.0,0.772,8.0,567.0,329.0,78.0,14.0,37.0,73.0
6652,Dru Smith,MIA,"PG,SG",,70.0,279.0,16.3,135.0,325.0,0.415,87.0,105.0,0.829,38.0,395.0,173.0,180.0,100.0,21.0,55.0
6429,Vít Krejčí,POR,"SG,SF",,65.0,280.0,21.416666666666668,192.0,429.0,0.448,38.0,51.0,0.745,128.0,550.0,148.0,100.0,47.0,18.0,41.0
6170,Jaxson Hayes,UTA,C,,66.0,281.0,18.283333333333335,198.0,262.0,0.756,98.0,150.0,0.653,3.0,497.0,271.0,59.0,29.0,52.0,31.0
6614,Jock Landale,ATL,C,,68.0,282.0,22.15,282.0,548.0,0.515,80.0,126.0,0.635,74.0,718.0,387.0,115.0,35.0,36.0,60.0
6256,Dean Wade,PHI,"SF,PF",,59.0,283.0,22.333333333333332,122.0,278.0,0.439,27.0,38.0,0.711,71.0,342.0,247.0,88.0,44.0,23.0,16.0
6742,Karlo Matković,NOP,"PF,C",,62.0,284.0,14.7,142.0,235.0,0.604,30.0,41.0,0.732,38.0,352.0,229.0,50.0,25.0,54.0,34.0
10335,Adem Bona,PHI,C,Q,71.0,285.0,17.366666666666667,131.0,220.0,0.595,80.0,113.0,0.708,2.0,344.0,307.0,32.0,30.0,82.0,56.0
6397,Isaac Okoro,CHI,"SG,SF",,63.0,286.0,26.9,211.0,459.0,0.46,89.0,112.0,0.795,73.0,584.0,173.0,100.0,46.0,29.0,46.0
10292,Ryan Dunn,PHX,"SF,PF",,70.0,287.0,19.35,164.0,362.0,0.453,23.0,47.0,0.489,56.0,407.0,297.0,102.0,60.0,29.0,56.0
6679,Brandon Williams,GSW,PG,,66.0,288.0,22.166666666666668,291.0,617.0,0.472,241.0,304.0,0.793,36.0,859.0,191.0,256.0,62.0,20.0,125.0
4487,Nicolas Batum,LAC,"SF,PF",NA,74.0,289.0,17.5,96.0,238.0,0.403,9.0,11.0,0.818,92.0,293.0,184.0,64.0,47.0,23.0,37.0
6766,Simone Fontecchio,MIA,"SF,PF",,70.0,290.0,16.75,194.0,471.0,0.412,86.0,102.0,0.843,123.0,597.0,211.0,101.0,37.0,9.0,49.0
10069,Mouhamed Gueye,ATL,"PF,C",Q,77.0,291.0,15.3,131.0,290.0,0.452,40.0,62.0,0.645,40.0,342.0,275.0,69.0,61.0,39.0,33.0
10308,Quinten Post,MEM,C,,67.0,292.0,17.3,193.0,439.0,0.44,34.0,43.0,0.791,93.0,513.0,269.0,94.0,26.0,35.0,56.0
6236,Terance Mann,BKN,"SG,SF",,63.0,293.0,24.266666666666666,168.0,368.0,0.457,63.0,80.0,0.788,56.0,455.0,200.0,190.0,41.0,15.0,71.0
5336,Clint Capela,HOU,C,,75.0,294.0,12.35,118.0,227.0,0.52,45.0,78.0,0.577,1.0,282.0,345.0,50.0,36.0,63.0,41.0
10485,Will Richard,GSW,"SG,SF",,69.0,295.0,19.95,162.0,346.0,0.468,46.0,54.0,0.852,71.0,441.0,172.0,93.0,80.0,9.0,53.0
10277,Baylor Scheierman,BOS,"SG,SF",,77.0,296.0,18.55,151.0,333.0,0.453,28.0,31.0,0.903,97.0,427.0,269.0,116.0,42.0,6.0,46.0
6594,Luka Garza,BOS,C,,69.0,297.0,16.2,206.0,357.0,0.577,90.0,117.0,0.769,55.0,557.0,281.0,66.0,27.0,28.0,46.0
10075,Jordan Walsh,BOS,"SF,PF",,68.0,298.0,17.816666666666666,136.0,267.0,0.509,44.0,57.0,0.772,48.0,364.0,272.0,54.0,49.0,31.0,35.0
10145,Craig Porter Jr.,CLE,"PG,SG",,64.0,299.0,17.933333333333334,116.0,258.0,0.45,24.0,40.0,0.6,33.0,289.0,220.0,205.0,57.0,38.0,59.0
5651,Caris LeVert,MIL,"SG,SF",,60.0,300.0,19.216666666666665,163.0,391.0,0.417,57.0,84.0,0.679,60.0,443.0,117.0,159.0,51.0,41.0,82.0
