player,kind,note,source,games,offset,exclude
Brandon Ingram,injury,Partially torn Achilles: expected out about half the season; the host treats him as gone for the draft.,Old Man Squad recon mock (UHU0ohSJi0s 8:50),41,,
Coby White,injury,Calf tweak: expected to miss the start of the season; risk of a minutes limit and a second strain on return.,Old Man Squad recon mock (UHU0ohSJi0s 6:12; busts 13:40),,,
Kon Knueppel,injury,Hamstring: likely to miss the start of the season; may come back on a minutes limit.,Old Man Squad recon mock (UHU0ohSJi0s 6:16; busts 13:36),,,
Brandon Miller,role,"Charlotte's guards White and Knueppel are out early, so he is a popular target; the host warns against it (the captions are unclear).",Old Man Squad recon mock (UHU0ohSJi0s 6:19),,,
Derik Queen,role,Probably will not start in New Orleans (Missi expected to).,"Locked On mock, 10 teams (BjXP9JODDSg 18:19, 22:40)",,,
Dylan Harper,role,"May not start: Fox, Castle and Harper compete for the Spurs' guard minutes.","Locked On busts, Oct 6 (eTsjuVu1trk 39:12; mock 21:44)",,,
Stephon Castle,role,Unclear role in the Spurs backcourt; rated poorly for category leagues (169th in nine-cat last season).,"Locked On busts, Oct 6 (eTsjuVu1trk 40:01)",,,
Khaman Maluach,role,Expected to get the Suns' starting center job over Igodaro.,"Locked On mock, 10 teams (BjXP9JODDSg 29:06)",,,
Zach LaVine,role,"Could be a top-80 player, but the Kings' direction is unclear.","Locked On mock, 10 teams (BjXP9JODDSg 24:54, 29:00)",,,
Jalen Suggs,injury,Availability is the issue; good value late if he plays.,"Locked On mock, 10 teams (BjXP9JODDSg 29:01)",,,
Ty Jerome,market,His ADP keeps falling because people expect Pippen to start; he went in round 9 of a mock.,"Locked On mock, 10 teams (BjXP9JODDSg 24:13; OMS 14:48)",,,
Jalen Duren,role,"Trade or holdout situation unresolved; the host expects him back in the 30s once it settles. As a rebounder with good FT% and few blocks he is a little high at 33 in category leagues, fine around 40; worry about conditioning and 27-28 minutes.","Locked On mock, 10 teams (BjXP9JODDSg 13:46-14:34; busts 34:24)",,,
Zach Edey,injury,"Fully ready for the start of the season, but injury-prone.","Locked On mock, 10 teams (BjXP9JODDSg 16:45)",,,
Kyrie Irving,injury,About 18 months removed from a torn ACL; the host took him at 44 and said the risk is over-weighted.,"Locked On mock, 10 teams (BjXP9JODDSg 12:52)",,,
Kawhi Leonard,injury,The host will not draft him because of his knees; he keeps sliding into round 4.,"Locked On busts, Oct 6 (eTsjuVu1trk 26:57; OMS 20:04)",,,
Stephen Curry,injury,Knee is a question and Golden State is expected to be bad: a big risk. Fine near 25 in category leagues only if healthy.,"Locked On busts, Oct 6 (eTsjuVu1trk 7:59; OMS 7:15)",,,
Kevin Durant,role,"Rockets media day reports say fewer minutes, but the host still sees good category value around 14.","Locked On mock, 10 teams (BjXP9JODDSg 6:02; busts 3:52)",,,
Joel Embiid,injury,The host expects about 50 games.,"Locked On busts, Oct 6 (eTsjuVu1trk 29:39)",,,
Tyrese Maxey,role,"Not a round 1 pick, says the host: last season came with about 70 combined games of George and Embiid; this season has Embiid back plus more scorers, 52 games two seasons ago, and his minutes could fall.","Locked On busts, Oct 6 (eTsjuVu1trk 29:15-30:03)",,,
Jalen Johnson,role,"Liked, but not in round 1: 60% of last season without Trae Young or McCollum; his defensive stats vanished and assists were falling.","Locked On busts, Oct 6 (eTsjuVu1trk 30:10-31:00)",,,
Trae Young,role,Played 26 minutes last season and is unlikely to return to 36; usage shared with Dybantsa and Davis.,"Locked On busts, Oct 6 (eTsjuVu1trk 5:39-6:14, 31:10)",,,
Devin Booker,skill,Assists fell to 6 a game and FT% to 87%; the host calls his rank a letdown.,"Locked On busts, Oct 6 (eTsjuVu1trk 31:50; OMS 19:31)",,,
Chet Holmgren,market,"Reasonable in the 40s, not the 20s. Blocks are so right-skewed that z-scores overstate him, and he ignores low turnovers in head-to-head.","Locked On busts, Oct 6 (eTsjuVu1trk 32:49-34:00)",,,
Donovan Clingan,skill,Rebounds and blocks only: his 12 points a game gives up the points category. The host puts him around 60-70.,"Locked On busts, Oct 6 (eTsjuVu1trk 37:41)",,,
Walker Kessler,skill,Last year's steals and threes came from a 5-game sample; the host has him outside the top 70.,"Locked On busts, Oct 6 (eTsjuVu1trk 38:38)",,,
Jalen Brunson,market,"Never better than 50th in nine-cat (50th, then 57th in per-game); the host calls him a league-losing pick at 21.","Locked On busts, Oct 6 (eTsjuVu1trk 36:19)",,,
Paolo Banchero,skill,"Nine-cat ranks of 125, 140, 162 and 221 in the last four years; too high around 35.","Locked On busts, Oct 6 (eTsjuVu1trk 35:00)",,,
Payton Pritchard,role,Third usage option at best with Tatum and Paul George; he was 101st last season.,"Locked On busts, Oct 6 (eTsjuVu1trk 44:08)",,,
AJ Dybantsa,role,A rookie with other shot-takers; the host does not expect him to beat 79 on a category basis.,"Locked On busts, Oct 6 (eTsjuVu1trk 46:03)",,,
Alex Sarr,role,Block rate and usage are questions next to Anthony Davis; the host has him around 90th.,"Locked On busts, Oct 6 (eTsjuVu1trk 41:55-43:00)",,,
Austin Reaves,market,Good value in category leagues at rank 21.,"Locked On busts, Oct 6 (eTsjuVu1trk 6:21)",,,
Lauri Markkanen,market,"Category rank 32 is about right; expects a step back in points leagues. Another host says push him earlier, maybe a top-20s category player.","Locked On busts, Oct 6 (eTsjuVu1trk 8:46; OMS 19:45)",,,
Trey Murphy III,market,Might rank in the 20s in category leagues: take him earlier rather than later.,Old Man Squad recon mock (UHU0ohSJi0s 19:45),,,
Bam Adebayo,skill,"Not expected to be that good per game, not in the 20s.",Old Man Squad recon mock (UHU0ohSJi0s 19:38),,,
Evan Mobley,skill,A free-throw question mark.,Old Man Squad recon mock (UHU0ohSJi0s 19:34),,,
Josh Giddey,skill,"A punt-type player: strong in some categories, weak in others.",Old Man Squad recon mock (UHU0ohSJi0s 19:27),,,
Alperen Sengun,skill,"A punt-type player: strong in some categories, weak in others.",Old Man Squad recon mock (UHU0ohSJi0s 19:27),,,
LaMelo Ball,skill,"A punt-type player: strong in some categories, weak in others.",Old Man Squad recon mock (UHU0ohSJi0s 19:36),,,
Amen Thompson,market,The host expects him to be good.,Old Man Squad recon mock (UHU0ohSJi0s 19:23),,,
Anthony Davis,market,Sliding into round 4; the host thinks the slide is an overreaction.,"Locked On mock, 10 teams (BjXP9JODDSg 8:16; OMS 20:04)",,,
Giannis Antetokounmpo,market,Moved up in Yahoo's latest board; likely to go around 6th overall.,Old Man Squad recon mock (UHU0ohSJi0s 1:05),,,
Paul George,injury,One of the injury-risk players sitting around rounds 6-7.,"Locked On mock, 10 teams (BjXP9JODDSg 17:12; OMS 13:04)",,,
Kon Knueppel,injury,"Hamstring injury: not to be re-evaluated until the first week of the regular season ('out a month'). The host will not draft a player hurt on day one: of the players who started last season hurt, almost none stayed healthy.","Old Man Squad steals and busts, Yahoo board 4 (h5-WudXfv_M 44:30-46:30; Old Man Squad ADP fallers, Oct 5 (kA6pkFZpcj0 3:00)",65,,yes
Kon Knueppel,market,"Yahoo ADP fell to about 46 (a bust at that price). Another analyst thinks top 40 is too high but top 50 is possible, and took him at 68-70.","Old Man Squad ADP fallers, Oct 5 (kA6pkFZpcj0 6:01; NBA Fantasy Bible review of that mock (O6msCNTIheE 21:33)",,,
Brandon Ingram,injury,No timeline for a partially torn Achilles; Yahoo is expected to drop him further.,"Old Man Squad steals and busts, Yahoo board 4 (h5-WudXfv_M 44:30)",,,yes
Kyrie Irving,injury,Analysts expect around 50 games (commenters said under 50) and a slow start; the per-game upside is still top 20.,NBA Fantasy Bible review of that mock (O6msCNTIheE 14:02-14:33; Locked On 14-team mock (KPdD91Oo8-U 15:30),50,,
Anthony Davis,injury,"Expected to play about 60 games; his ADP fell from 26 to 43. A top-10 per-game player if the free throws hold, and the host likes him in round 4.","Old Man Squad ADP fallers, Oct 5 (kA6pkFZpcj0 10:01-12:00)",,,
Anthony Davis,role,Said he wants to play 82 games for Washington; another analyst prefers Mobley because of AD's health.,"NBA Fantasy Bible review of that mock (O6msCNTIheE 9:01, 9:30)",,,
Kawhi Leonard,injury,"Plans for about 13-14 missed games without anything going wrong; the best per-game player of Kawhi, Kyrie and Davis. His ADP fell to about 32.","Old Man Squad steals and busts, Yahoo board 4 (h5-WudXfv_M 28:30; Old Man Squad ADP fallers, Oct 5 (kA6pkFZpcj0 14:30)",,,
Joel Embiid,injury,Risky: the host takes him only if he skipped the round 4 risk players. Another analyst took him at 64 as a top 20-30 per-game asset and plans around IR spots.,"Old Man Squad steals and busts, Yahoo board 4 (h5-WudXfv_M 37:01; NBA Fantasy Bible review of that mock (O6msCNTIheE 19:35-20:35)",,,
Jimmy Butler III,injury,"Torn ACL: out until about January or February, so a wasted pick unless you have IL spots (taken as a stash in round 10).",Locked On 14-team mock (KPdD91Oo8-U 36:01; NBA Fantasy Bible review of that mock (O6msCNTIheE 36:02),,,yes
Tyrese Haliburton,injury,Back from an Achilles tear: expect a slow start and missed early-season back-to-backs (Indiana has 15). The host calls him a first-round efficiency play for guard or punt-points builds.,"NBA Fantasy Bible review of that mock (O6msCNTIheE 5:02, 41:32; Old Man Squad steals and busts, Yahoo board 4 (h5-WudXfv_M 3:00-3:32)",,,
Zach Edey,injury,"Fully ready for the start of the season, but injury-prone. Isaiah Stewart is the handcuff.","NBA Fantasy Bible review of that mock (O6msCNTIheE 23:04-23:31, 47:00)",,,
Brandon Miller,injury,A lingering shoulder problem; the Hornets were expected to give a worrying report at media day.,Locked On 14-team mock (KPdD91Oo8-U 14:31),,,
Fred VanVleet,injury,Ramping up after his injury and expected to be the starting point guard again.,NBA Fantasy Bible review of that mock (O6msCNTIheE 30:03),,,
Ty Jerome,injury,Two of his last three seasons were ruined by injury.,Locked On 14-team mock (KPdD91Oo8-U 41:00),,,
Ty Jerome,market,"Yahoo moved his rank from 87 down to 133 and back to 114. The host calls him the ultimate flyer: his role almost does not matter (few minutes means he goes wild, more minutes means he calms down), and expects top 60 or better.","Old Man Squad ADP fallers, Oct 5 (kA6pkFZpcj0 1:01-6:32; Old Man Squad steals and busts, Yahoo board 4 (h5-WudXfv_M 61:00-64:00)",,,
Tyler Herro,role,Expected to be in Milwaukee's starting five; the host calls him a top-40 player unless he is traded (his contract is tradable).,"Old Man Squad ADP fallers, Oct 5 (kA6pkFZpcj0 26:30-28:00; Old Man Squad steals and busts, Yahoo board 4 (h5-WudXfv_M 43:01; NBA Fantasy Bible review of that mock (O6msCNTIheE 16:35)",,,
Kevin Porter Jr.,role,"Took his $5M player option, so no team offered more. Played 33 minutes last season; not expected again. The best upside flyer around 120, with Rollins and Herro ahead of him.","Old Man Squad ADP fallers, Oct 5 (kA6pkFZpcj0 34:00-40:00)",,,
Ryan Rollins,role,Expected to be Milwaukee's starting point guard; the host sees about a round of value at 62.,"Old Man Squad ADP fallers, Oct 5 (kA6pkFZpcj0 37:31; Old Man Squad steals and busts, Yahoo board 4 (h5-WudXfv_M 42:00)",,,
Kel'el Ware,role,"Expected to start with 24-25 minutes, which alone makes him top 50, with top 30-40 upside. A second rounder in his starts last season. Whether he plays beside Myles Turner is the question.","Old Man Squad ADP fallers, Oct 5 (kA6pkFZpcj0 31:02-32:31; NBA Fantasy Bible review of that mock (O6msCNTIheE 21:02)",,,
Myles Turner,role,The host expects a bounce back to the top 85; another analyst took him at 77 and said last year's Giannis fit just did not work.,"Old Man Squad steals and busts, Yahoo board 4 (h5-WudXfv_M 61:00; NBA Fantasy Bible review of that mock (O6msCNTIheE 25:01)",,,
Neemias Queta,role,"The Celtics brought in Mitchell Robinson, but Queta played 26 minutes down the stretch last year and ranked 36th; expect 24-25 minutes.","Old Man Squad ADP fallers, Oct 5 (kA6pkFZpcj0 16:00-17:30)",,,
Mitchell Robinson,skill,"Now in Boston: about a 30% free-throw shooter who scores six points a game, so he is only blocks, rebounds and field goal percentage.",Locked On 14-team mock (KPdD91Oo8-U 38:30),,,
Wendell Carter Jr.,market,Never a player who beats his price; around 115 he is merely boring.,"Old Man Squad ADP fallers, Oct 5 (kA6pkFZpcj0 4:30-6:00)",,,
Jaime Jaquez Jr.,role,"Traded to Milwaukee; averaged 15, 5 and 5 last season with no defensive stats or threes. Fits only punt-threes builds, and he got extra opportunity in Miami from injuries.","Old Man Squad ADP fallers, Oct 5 (kA6pkFZpcj0 6:00-8:00)",,,
Jonathan Kuminga,role,Signed with Minnesota and takes Ayo Dosunmu's starting spot there; he also limits Jaden McDaniels' growth.,"Old Man Squad ADP fallers, Oct 5 (kA6pkFZpcj0 21:02; NBA Fantasy Bible review of that mock (O6msCNTIheE 44:02)",,,
Ayo Dosunmu,role,"Expected to be a sixth man with solid usage, and one analyst thinks he could still start; another thinks Kuminga takes his spot.","NBA Fantasy Bible review of that mock (O6msCNTIheE 35:30, 44:02)",,,
Jaden McDaniels,role,Starts and is the best defender; the host's target slipped from top 60 to about 75 because of the log jam. Still about a round of value at 90.,"Old Man Squad ADP fallers, Oct 5 (kA6pkFZpcj0 21:02-22:01; Old Man Squad steals and busts, Yahoo board 4 (h5-WudXfv_M 59:00)",,,
Paul Reed,role,Could pick up minutes with the uncertainty around Jalen Duren; played well in the playoffs.,"NBA Fantasy Bible review of that mock (O6msCNTIheE 12:30, 32:36)",,,
Jalen Duren,role,Contract worries and how Detroit will play him after the playoffs make one analyst prefer other centers; Paul Reed is the fallback.,NBA Fantasy Bible review of that mock (O6msCNTIheE 11:32-12:30),,,
Khaman Maluach,role,"Expected to start for Phoenix with Mark Williams hurt, but a time share and small-ball lineups are possible. One analyst ranks him about 115.",NBA Fantasy Bible review of that mock (O6msCNTIheE 31:30-32:04),,,
Day'Ron Sharpe,role,"Expected to start at Brooklyn and be a top-80 per-minute player at 26 minutes; Mo Wagner could take some minutes. Another view: blocks are gone, a rebounds and steals specialist.","NBA Fantasy Bible review of that mock (O6msCNTIheE 29:05; Old Man Squad steals and busts, Yahoo board 4 (h5-WudXfv_M 60:01)",,,
Coby White,role,"Expected to be Charlotte's starting point guard once healthy; with LaMelo gone, usage is wide open.",NBA Fantasy Bible review of that mock (O6msCNTIheE 26:00-26:30),,,
Naz Reid,role,Top 50-60 potential as a starter; one analyst expects him to go between 50 and 75.,"NBA Fantasy Bible review of that mock (O6msCNTIheE 26:30-27:02; Old Man Squad ADP fallers, Oct 5 (kA6pkFZpcj0 32:01)",,,
Jrue Holiday,role,"A dark horse to start next to Morant and Lillard; if not, he still plays a lot. A trade is possible.","NBA Fantasy Bible review of that mock (O6msCNTIheE 39:36, 50:02)",,,
Dylan Harper,role,"Expected to be the Spurs' sixth man; his hype has cooled. The host thinks Fox, Castle and Harper split the guard minutes.","NBA Fantasy Bible review of that mock (O6msCNTIheE 28:00; Old Man Squad ADP fallers, Oct 5 (kA6pkFZpcj0 29:01)",,,
Stephon Castle,skill,'A triple punt to get to this rank last year': assists and barely steals are his only positives; free throws and turnovers are bad. He will lose some of his role to a healthy Fox and Harper.,"Old Man Squad steals and busts, Yahoo board 4 (h5-WudXfv_M 48:00-50:00)",,,
Alex Sarr,role,"Even money in the 70s. His role could shrink next to Anthony Davis, Trae Young and Dybantsa, but he may play more minutes than last year's 27.","Old Man Squad ADP fallers, Oct 5 (kA6pkFZpcj0 28:01-30:00)",,,
Dyson Daniels,role,"The host thinks fears that Lou Dort takes his job are overblown: top 50, about a round of value around 61.","Old Man Squad ADP fallers, Oct 5 (kA6pkFZpcj0 30:00; Old Man Squad steals and busts, Yahoo board 4 (h5-WudXfv_M 41:30)",,,
Ausar Thompson,role,"Detroit wants him to play 29-30 minutes (up from 26), which is top 40-50 potential depending on defensive stats.","Old Man Squad steals and busts, Yahoo board 4 (h5-WudXfv_M 50:00)",,,
Paul George,role,"The host loves him in round 7: in Boston he should take 15-16 shots (14 last year) for about 20 points, 3 threes and 2 steals, and top-15 is a 20% chance. Expect to get him early in round 7 in a public draft.","Old Man Squad steals and busts, Yahoo board 4 (h5-WudXfv_M 50:00-54:00)",,,
Jaylen Brown,role,"The host's biggest bust: a third option in Philadelphia, with only five assists on a 36% usage rate last season. He sees a 25% chance of a nine-cat rank outside the top 100, and top 75 as the realistic case.","Old Man Squad steals and busts, Yahoo board 4 (h5-WudXfv_M 30:30-32:30)",,,
Deni Avdija,role,"A punt-turnovers player only: his usage should come down with Morant and Lillard; nine-cat rank 40 is out of reach, eight-cat about 45-55.","Old Man Squad steals and busts, Yahoo board 4 (h5-WudXfv_M 32:30-33:30; Old Man Squad ADP fallers, Oct 5 (kA6pkFZpcj0 33:00-34:00)",,,
Tyrese Maxey,role,"One analyst loves him at 7 (top five or ten the last two years) but expects his usage to fall with the extra talent in Philadelphia, hopes for 60 games, and notes LeBron's age means rest games.",NBA Fantasy Bible review of that mock (O6msCNTIheE 2:33-3:31),,,
Darius Garland,role,"Expected to be the Clippers' alpha early, with Ingram; but there is Clippers purgatory risk and trade-block rumours.","Old Man Squad steals and busts, Yahoo board 4 (h5-WudXfv_M 36:00; NBA Fantasy Bible review of that mock (O6msCNTIheE 15:03-15:31)",,,
Kon Knueppel,role,"Hornets guards White and Knueppel are both slowed early, which helps Brandon Miller and Grayson Allen.",Locked On 14-team mock (KPdD91Oo8-U 34:31),,,
Karl-Anthony Towns,skill,"A 'fake big man': his points, assists, threes and free throws are good for a big man, but guards beat him there, and his 50% field goals are near the bottom for centers. Best in guard builds.","Old Man Squad steals and busts, Yahoo board 4 (h5-WudXfv_M 8:01-10:31)",,,
Devin Booker,skill,"Usage was 32% with Jalen Green out; field goals fell from 48-49% to 45.5%, and he averaged six assists. Still the alpha, but the host does not see it going up: 39th in eight-cat last season, not mid-20s.","Old Man Squad steals and busts, Yahoo board 4 (h5-WudXfv_M 11:30-13:31)",,,
Josh Giddey,skill,"Fine as a single punt, belongs in round 3; not a second-round player without a double punt.","Old Man Squad steals and busts, Yahoo board 4 (h5-WudXfv_M 11:00)",,,
Jamal Murray,market,The host thinks he can be top 10-15; 17 is close to his floor.,"Old Man Squad steals and busts, Yahoo board 4 (h5-WudXfv_M 5:33)",,,
James Harden,skill,"An eight-cat player more than nine-cat because of turnovers, but eight assists are scarce at his price; fits every build.","Old Man Squad steals and busts, Yahoo board 4 (h5-WudXfv_M 17:32-18:30)",,,
Chet Holmgren,market,Nine-cat rank 19 last season on low turnovers; the host likes him in round 3 and he is trending there (rank 28). Third-round centers score within 2-3 points of him.,"Old Man Squad steals and busts, Yahoo board 4 (h5-WudXfv_M 18:30-21:30; Old Man Squad ADP fallers, Oct 5 (kA6pkFZpcj0 24:01-26:30)",,,
Bam Adebayo,role,"Too early in round 3: his role gets smaller next to Giannis, and he forgot how to shoot last year. The host expects a nine-cat rank in the 40s.","Old Man Squad steals and busts, Yahoo board 4 (h5-WudXfv_M 24:30-25:31)",,,
Jalen Brunson,skill,"'Brunsonitis': combined defensive stats of 0.9, and the worst rebounding in the range, so even 26 points and nearly seven assists do not reach round 2.","Old Man Squad steals and busts, Yahoo board 4 (h5-WudXfv_M 21:30-24:30)",,,
Walker Kessler,market,"Now a new value for the host: top 40 easily and top-25 upside, and the move into round 4 changes the math. Another analyst took him early and calls him too early at 36.","Old Man Squad ADP fallers, Oct 5 (kA6pkFZpcj0 17:30-19:30; Old Man Squad steals and busts, Yahoo board 4 (h5-WudXfv_M 29:31; Locked On 14-team mock (KPdD91Oo8-U 13:00)",,,
Walker Kessler,skill,"Might get two or three assists a game, a lot of blocks and rebounds; the free throw number could come back near 60%.","Old Man Squad ADP fallers, Oct 5 (kA6pkFZpcj0 18:00-18:30)",,,
Matas Buzelis,market,"Yahoo's ADP slid to about 65 as public drafts took over from diehard ones. The host wants him at 60 or later, not at 50.","Old Man Squad ADP fallers, Oct 5 (kA6pkFZpcj0 11:32-14:00)",,,
Pascal Siakam,skill,Free-throw percentage fell from the mid 70s to the high 60s with more volume; a punt-FT% pick only. Another analyst says his role could shrink with Haliburton back and Zubac in.,"Old Man Squad steals and busts, Yahoo board 4 (h5-WudXfv_M 39:30-41:00; NBA Fantasy Bible review of that mock (O6msCNTIheE 18:39)",,,
Paolo Banchero,skill,"His percentages improved late last season, but are the hardest thing to predict: a punt or a double punt at 52.","Old Man Squad steals and busts, Yahoo board 4 (h5-WudXfv_M 38:00-39:30)",,,
Darryn Peterson,role,"A punt-FG% player at best: fourth or fifth option on Utah, with some shooting questions.","Old Man Squad ADP fallers, Oct 5 (kA6pkFZpcj0 22:01-24:00)",,,
Onyeka Okongwu,role,"Starter in Atlanta with a solid role; backup is Jock Landale. Yahoo moved him up eight or nine places, so less value now, and his blocks could rise.","NBA Fantasy Bible review of that mock (O6msCNTIheE 10:32-11:07; Old Man Squad steals and busts, Yahoo board 4 (h5-WudXfv_M 34:30)",,,
Dejounte Murray,role,"The host's favourite round-5 steal: a full-time point guard again, an eight-cat second rounder and a nine-cat third rounder.","Old Man Squad steals and busts, Yahoo board 4 (h5-WudXfv_M 35:31)",,,
Nickeil Alexander-Walker,market,A fourth-round value at the fifth-round price.,"Old Man Squad steals and busts, Yahoo board 4 (h5-WudXfv_M 35:31)",,,
Michael Porter Jr.,market,"Probably mid-to-late 40s in rank, about a round of value.","Old Man Squad steals and busts, Yahoo board 4 (h5-WudXfv_M 37:30)",,,
Immanuel Quickley,market,Always finds a way to value between 40 and 70; the host expects 60-75 in round 8.,"Old Man Squad steals and busts, Yahoo board 4 (h5-WudXfv_M 55:00-56:31)",,,
Norman Powell,role,"Could be top 40 until he is traded: Giddey does not want many shots, and 15-19 shots are available in Chicago.","Old Man Squad steals and busts, Yahoo board 4 (h5-WudXfv_M 56:31-58:31)",,,
VJ Edgecombe,role,"Fifth option now; shots fall from 14 a game toward single digits, so about top 100 on steals alone.","Old Man Squad steals and busts, Yahoo board 4 (h5-WudXfv_M 58:31-60:00)",,,
Josh Hart,market,"The host thinks he is a top-85 player at about 97, and a very safe one.","Old Man Squad steals and busts, Yahoo board 4 (h5-WudXfv_M 61:00; NBA Fantasy Bible review of that mock (O6msCNTIheE 27:33)",,,
CJ McCollum,market,"A top 95-100 player at 109, says the host.","Old Man Squad steals and busts, Yahoo board 4 (h5-WudXfv_M 61:00)",,,
Collin Murray-Boyles,market,Might be top 70 at 111; expected minutes of about 25-27.,"Old Man Squad steals and busts, Yahoo board 4 (h5-WudXfv_M 61:30; Old Man Squad steals and busts, Yahoo board 4 (h5-WudXfv_M 44:00)",,,
Keegan Murray,market,"Top 75 in the host's view, at about 116.","Old Man Squad steals and busts, Yahoo board 4 (h5-WudXfv_M 62:01)",,,
John Collins,market,"Top 90 at 112, says the host.","Old Man Squad steals and busts, Yahoo board 4 (h5-WudXfv_M 61:30)",,,
Naji Marshall,market,The host thinks top 80 at pick 113.,"Old Man Squad steals and busts, Yahoo board 4 (h5-WudXfv_M 61:30)",,,
Mikel Brown Jr.,role,Expected to be Brooklyn's starting point guard beside Demin.,NBA Fantasy Bible review of that mock (O6msCNTIheE 36:36),,,
Caleb Wilson,role,His role in Chicago is wide open and he showed more threes in summer league.,NBA Fantasy Bible review of that mock (O6msCNTIheE 24:02),,,
Andrew Nembhard,role,"Usage gets a spike whenever Haliburton sits, and Indiana has 15 back-to-backs.",NBA Fantasy Bible review of that mock (O6msCNTIheE 41:32),,,
Gui Santos,role,"Could start at times, but Kerr changes his lineups a lot, so he may start one night and barely play the next.",NBA Fantasy Bible review of that mock (O6msCNTIheE 38:35-39:00),,,
Yaxel Lendeborg,role,"A good fit as a rookie at Golden State, with more upside if the older players are shut down.",NBA Fantasy Bible review of that mock (O6msCNTIheE 37:34),,,
Isaiah Stewart,role,The best Zach Edey handcuff in Memphis; he does blocks and threes.,NBA Fantasy Bible review of that mock (O6msCNTIheE 47:00),,,
Ajay Mitchell,role,"Expected to come off the bench with higher usage than last season, with fewer mouths to feed in the second unit.",NBA Fantasy Bible review of that mock (O6msCNTIheE 34:04),,,
Nic Claxton,injury,"Hurt to start the season; the host will not draft him (same advice as for Knueppel, White and Ingram).",Old Man Squad recon mock 2 (9WwFSsvjkF0 21:30-23:00),,,yes
Tobias Harris,injury,Hurt to start the season.,Old Man Squad recon mock 2 (9WwFSsvjkF0 22:01),,,yes
Kristaps Porzingis,injury,Return date unknown; he will miss a massive chunk of games whatever the outlook.,Number Two Sports breakouts (2Q6vFb6cX34 18:31-19:00),,,yes
Coby White,injury,"Hurt again to start the year: 'this is no longer a bug in the system, this kind of just feels like it's the system'.",Old Man Squad recon mock 2 (9WwFSsvjkF0 22:31-23:30),,,yes
Naz Reid,role,Eighties is his floor as effectively a full-time power forward on a team already missing two players; the host would become a fan if he falls from the 50s to the 70s.,Old Man Squad recon mock 2 (9WwFSsvjkF0 12:30-13:00),,,
Dejounte Murray,market,The host thinks he will rank about 35 and would take him at 55 over Bzelis; a full offseason after two years of injury.,Old Man Squad recon mock 2 (9WwFSsvjkF0 17:31; Number Two Sports breakouts (2Q6vFb6cX34 12:30-14:30),,,
Dejounte Murray,role,Expected to be a healthy full-season starter: top 50 with 1.5+ steals; New Orleans is not expected to tank as early.,Number Two Sports breakouts (2Q6vFb6cX34 12:30-14:30),,,
James Harden,market,A good shot at top 30 in nine-cat and top 25 in eight-cat; one of the safest ways to get assists in rounds 2-3.,Old Man Squad recon mock 2 (9WwFSsvjkF0 34:00),,,
Lauri Markkanen,market,A really good shot at a top-25 nine-cat finish; the host would still take him mid-third.,Old Man Squad recon mock 2 (9WwFSsvjkF0 34:00),,,
Collin Murray-Boyles,role,Starts at times at the four or five or comes first off the bench: Poeltl is often hurt and Kawhi is injury-prone. In the last three months of last season he was about top 100 in 23.6 minutes. Floor of nearly a steal and a block; top 70 case.,Number Two Sports breakouts (2Q6vFb6cX34 0:32-2:32),,,
Ty Jerome,role,"Expected to start at point guard for Memphis and play up to 30 minutes; top 80 over his last 85 games, with 19.7 points per game last year.","Number Two Sports breakouts (2Q6vFb6cX34 4:30-6:30; NBA Fantasy Bible 12-team mock, August (y6AmY0icKZY 20:33)",,,
Brandon Miller,role,"With LaMelo and Miles Bridges gone, a big usage and playmaking spike: floor about 20/5/4 with 1.5+ steals and blocks; ADP 46 against top-30 upside. (Another analyst adds a lingering shoulder problem.)",Number Two Sports breakouts (2Q6vFb6cX34 6:30-8:30),,,
Matas Buzelis,role,"Still starts: the addition of Norman Powell and rookie Caleb Wilson suppresses his ADP, but he added 12 pounds of muscle, worked on his mid-range and was at 19 points a game after the All-Star break. Nearly 1.5 blocks a game.",Number Two Sports breakouts (2Q6vFb6cX34 8:30-10:02),,,
Darius Garland,role,"Leonard gone and Ingram hurt, so he is the Clippers' primary option and could lead the league in usage early; he averaged 20.6 points, 6.6 assists and 3.3 threes in his last 14 games. Top-40 case at ADP 66.",Number Two Sports breakouts (2Q6vFb6cX34 10:31-12:30),,,
Cedric Coward,role,The clearest path to fantasy relevance in Memphis as a second-year player; top-70 case if he gets the minutes and a small leap.,Number Two Sports breakouts (2Q6vFb6cX34 14:30-16:00),,,
Coby White,role,"Charlotte's backcourt is his: the team declined to move on from him after LaMelo left and wants to build around him. ADP 89, top-50 upside, if he is healthy.",Number Two Sports breakouts (2Q6vFb6cX34 16:00-17:30),,,
Brandin Podziemski,role,"Golden State's backcourt is thin (Curry, Butler returning from injury, an ancient Green, Porzingis out): expected to be a main contributor with a steady rebounding-guard line; top 75 at ADP 117.",Number Two Sports breakouts (2Q6vFb6cX34 18:00-20:00),,,
Ausar Thompson,skill,"A 25% three-point shooter on under one attempt a game: without a shot his minutes can stay capped. If he reaches 30-35% on two attempts, he could be 30+ minutes and top 50-60.",Number Two Sports breakouts (2Q6vFb6cX34 20:30-22:01),,,
Day'Ron Sharpe,role,"With Claxton gone and little behind him at center, he should get at least 30 minutes; his per-30 line is 16.3 points, 13.8 rebounds and 1.5 blocks. Another source lists Claxton as hurt to start the season.",Number Two Sports breakouts (2Q6vFb6cX34 22:31-24:30; Old Man Squad recon mock 2 (9WwFSsvjkF0 22:01),,,
Egor Demin,role,"Bulked up and looked silky in camp; Brooklyn wants to develop him, so minutes are not a worry. ADP around 120.","Number Two Sports breakouts (2Q6vFb6cX34 25:00-25:31; NBA Fantasy Bible 12-team mock, August (y6AmY0icKZY 25:33)",,,
Keaton Wagler,role,"With Ingram out, the Clippers' second scoring option behind Garland could be his: lots of usage up for grabs. ADP around 120.",Number Two Sports breakouts (2Q6vFb6cX34 25:31-26:54),,,
Peyton Watson,role,"A fourth or fifth option in Cleveland; expected to play about 30-31 minutes, and a lot of early hype.","NBA Fantasy Bible 12-team mock, August (y6AmY0icKZY 37:01-38:00)",,,
Jarrett Allen,role,"A low-end easy pick: in 20 minutes about 12 points and 8 rebounds on 65% shooting with a block; no upside, and Cleveland may play small with Watson at the four.","NBA Fantasy Bible 12-team mock, August (y6AmY0icKZY 40:00-40:30)",,,
Zach Edey,injury,"A foot problem has one analyst worried about 'a Yao Ming foot thing', so he would not pay a round-5 price.","NBA Fantasy Bible 12-team mock, August (y6AmY0icKZY 17:32)",,,
Zach LaVine,role,"Likely to be shopped; if he goes to a contender he has upside, but a struggling Kings team may sit him.","NBA Fantasy Bible 12-team mock, August (y6AmY0icKZY 24:00-24:33)",,,
Dylan Harper,role,Expected to get about 28 minutes after his playoff showing; a top-60 player if Fox or Castle is hurt.,"NBA Fantasy Bible 12-team mock, August (y6AmY0icKZY 19:31-20:00)",,,
Gui Santos,role,"Competes with rookie Lendeborg for minutes; Horford, Green and Porzingis are not expected to take many.","NBA Fantasy Bible 12-team mock, August (y6AmY0icKZY 26:35-27:32)",,,
Neemias Queta,role,Locked into about 26-27 minutes even with Mitchell Robinson in Boston; Robinson is expected to rest some back-to-backs.,"NBA Fantasy Bible 12-team mock, August (y6AmY0icKZY 22:30)",,,
Jimmy Butler III,injury,"Even if he comes back, he should be eased in and is not expected to do much this season: a late stash only if you have IR spots.",Fantasy on Points points-league mock (pOxJrY1sxbQ 23:32-24:02),,,
Joel Embiid,injury,"Looked slim in his media-day photos, so drafters moved him up.",Fantasy on Points points-league mock (pOxJrY1sxbQ 11:00),,,
Kevin Porter Jr.,role,Even off the bench with 24-25 minutes he should beat his late-round price.,Fantasy on Points points-league mock (pOxJrY1sxbQ 22:30),,,
LaMelo Ball,injury,"Looks good in preseason; about half the games he missed were tanking, not ankles, and he should play more minutes than last season. A solid middle-second-round player at Yahoo rank 23.","Locked On must-draft players by round, Yahoo ranks of Oct 8 (6DnRWahYrFA 3:02-3:31)",,,
Domantas Sabonis,role,"Yahoo rank 34 is the best value of round 3: under 30 minutes last season, and without DeRozan, Westbrook and Schroder taking his touches that should rise. The host is not a fan, but sees top-20 upside; a trade could change things.","Locked On must-draft players by round, Yahoo ranks of Oct 8 (6DnRWahYrFA 6:30-8:00)",,,
Kawhi Leonard,market,"Yahoo rank slid to 36. Still not a top-40 pick for the host, but nearly: the risk is mostly priced in around 45, and he would not stack him on another risk player.","Locked On must-draft players by round, Yahoo ranks of Oct 8 (6DnRWahYrFA 8:00-9:30, 15:30-16:30)",,,
Anthony Davis,injury,"Can be a top-20 per-game player; the injuries are small (shoulder, groin) and not recurring, and he is healthy and playing in preseason. The host would take him at 45 and does not buy that he fakes injuries.","Locked On must-draft players by round, Yahoo ranks of Oct 8 (6DnRWahYrFA 13:30-16:30)",,,
Trey Murphy III,role,The host does not believe the 'role instability' argument against him and would take him at 46 in an ESPN league; he was 11th in nine-cat last year.,"Locked On must-draft players by round, Yahoo ranks of Oct 8 (6DnRWahYrFA 16:30-18:00)",,,
Dyson Daniels,role,"Lou Dort will not take his job and the host expects his two steals a game to hold; he would take him well ahead of Yahoo rank 62, around the fourth round.","Locked On must-draft players by round, Yahoo ranks of Oct 8 (6DnRWahYrFA 18:00-18:30, 21:32-22:00)",,,
Nickeil Alexander-Walker,market,Yahoo rank slid from 54 to 58 with no change in his role; the host projects him around 35th.,"Locked On must-draft players by round, Yahoo ranks of Oct 8 (6DnRWahYrFA 18:30-19:32)",,,
Paolo Banchero,market,"Yahoo rank 51: very good for a points league, but the host would not draft him in the top 50 for categories (125th in nine-cat last season, 58th in per-game rankings); before 75 is fine.","Locked On must-draft players by round, Yahoo ranks of Oct 8 (6DnRWahYrFA 19:32-20:01, 27:30-28:01)",,,
Austin Reaves,market,"Was a top-12 player when LeBron was out last season, and LeBron has left Los Angeles; if Doncic misses time his value rises further. The host expects him to beat a rank of 50.","Locked On must-draft players by round, Yahoo ranks of Oct 8 (6DnRWahYrFA 20:01-20:31)",,,
Brandon Miller,role,"With Coby White probably missing the start of the season and Knueppel hurt, he should have big minutes, volume and playmaking: the host thinks his Yahoo rank of 35 (60 in ESPN points) is too low.","Locked On must-draft players by round, Yahoo ranks of Oct 8 (6DnRWahYrFA 20:31-21:32)",,,
Jaylen Brown,market,The host would take him in the 40s of an ESPN category league and is 'anti-Brown' for Yahoo points; the nine-cat ranks are used wrongly.,"Locked On must-draft players by round, Yahoo ranks of Oct 8 (6DnRWahYrFA 22:00-23:01)",,,
Paul George,injury,"Still good: he will probably miss time, but around pick 76 the host sees up to 50 spots of value, and was 30 spots better than that last year behind Embiid and Maxey.","Locked On must-draft players by round, Yahoo ranks of Oct 8 (6DnRWahYrFA 25:35-26:30, 32:30-33:01)",,,
Stephon Castle,market,Yahoo rank 77 splits the gap between category value and points value; the host (a Castle hater for categories) thinks he could be a top-55 points player.,"Locked On must-draft players by round, Yahoo ranks of Oct 8 (6DnRWahYrFA 26:30-27:01)",,,
Matas Buzelis,market,"Yahoo rank moved from 86 to 80 to 69 to 64 and the host still thinks he is a top-50 category and points option: year three, more polished than Caleb Wilson, expected to be featured.","Locked On must-draft players by round, Yahoo ranks of Oct 8 (6DnRWahYrFA 28:01-29:00)",,,
Jaden McDaniels,role,"Was 84th last season; Minnesota has Dosunmu for a full season and Kuminga added, but Naz Reid and Randle are gone, so the host thinks he has another step in him at Yahoo rank 92.","Locked On must-draft players by round, Yahoo ranks of Oct 8 (6DnRWahYrFA 29:00-29:31)",,,
Ty Jerome,role,"Started both preseason games with about 30-32% usage, shooting 50%, in 17 minutes a game (24 expected in the rotation). Yahoo rank jumped to 88 (it was 120) and the host thinks that has not gone far enough.","Locked On must-draft players by round, Yahoo ranks of Oct 8 (6DnRWahYrFA 29:31-30:30)",,,
Keyonte George,market,"ESPN rank 89 looks too low: last year was probably not a fluke, and rookie guards (Peterson) are usually inefficient.","Locked On must-draft players by round, Yahoo ranks of Oct 8 (6DnRWahYrFA 30:30-31:00)",,,
Isaiah Hartenstein,role,"Early last season, with Chet injured, he was top 40; he is a low scorer who helps some teams, and Mamukelashvili's good preseason does not change his role. ESPN category rank 104.","Locked On must-draft players by round, Yahoo ranks of Oct 8 (6DnRWahYrFA 31:32-32:00)",,,
CJ McCollum,market,A surprise pick of the host this year: around 106 he could return 20 spots of value.,"Locked On must-draft players by round, Yahoo ranks of Oct 8 (6DnRWahYrFA 32:00-32:30)",,,
Ryan Rollins,market,ESPN rank 105 in category leagues: perhaps 50 spots of value.,"Locked On must-draft players by round, Yahoo ranks of Oct 8 (6DnRWahYrFA 32:30)",,,
Peyton Watson,role,"Yahoo rank 120: safe, with many routes to upside; his usage rises if Harden, Mobley or Mitchell miss time, and his blocks rise if Jarrett Allen does.","Locked On must-draft players by round, Yahoo ranks of Oct 8 (6DnRWahYrFA 33:01-33:31)",,,
Zach Edey,injury,"ESPN rank 113-116: a foot and ankle problem and barely played last season, but top-50 upside; his rookie season was 66 games at 26 minutes.","Locked On must-draft players by round, Yahoo ranks of Oct 8 (6DnRWahYrFA 33:31-34:30)",,,
