image,xrank,rank,adp,player,team,positions,status,gp,fg_pct,ft_pct,3ptm,pts,reb,ast,st,blk,to
03,1,1,1.9,Nikola Jokic,DEN,C,,71,0.574,0.820,120,1978,927,717,108,54,242
03,2,3,1.6,Victor Wembanyama,SAS,C,,68,0.519,0.822,130,1750,775,230,69,230,188
03,3,5,3.5,Luka Doncic,LAL,"PG,SG",,66,0.472,0.782,248,2104,509,539,105,32,249
03,4,2,4.0,Shai Gilgeous-Alexander,OKC,PG,,73,0.537,0.885,127,2257,338,463,116,63,163
03,5,26,6.0,Cade Cunningham,DET,"PG,SG",,69,0.461,0.831,143,1717,418,657,86,52,277
03,6,51,7.5,Giannis Antetokounmpo,MIA,"PF,C",,68,0.610,0.638,24,2020,712,428,68,68,223
03,7,14,9.3,Jayson Tatum,BOS,"SF,PF",,68,0.456,0.821,220,1711,626,363,72,31,177
03,8,7,7.8,Anthony Edwards,MIN,"PG,SG",,76,0.468,0.818,265,2143,428,266,98,53,232
03,9,4,8.6,Tyrese Maxey,PHI,PG,,69,0.467,0.885,213,1804,248,397,111,42,152
06,8,7,7.8,Anthony Edwards,MIN,"PG,SG",,76,0.468,0.818,265,2143,428,266,98,53,232
06,9,4,8.6,Tyrese Maxey,PHI,PG,,69,0.467,0.885,213,1804,248,397,111,42,152
06,10,12,15.7,Tyrese Haliburton,IND,"PG,SG",,68,0.463,0.849,187,1194,232,607,87,43,118
06,11,16,11.6,Jalen Johnson,ATL,"SF,PF",,65,0.498,0.790,106,1449,637,501,87,41,203
06,12,8,13.3,Donovan Mitchell,CLE,"PG,SG",,68,0.467,0.851,220,1787,326,373,101,21,174
06,13,6,10.3,Cooper Flagg,DAL,"SG,SF,PF",,75,0.474,0.840,95,1725,578,376,100,76,192
06,14,27,16.6,Kevin Durant,HOU,"SG,SF,PF",,70,0.524,0.860,155,1712,363,299,53,68,202
06,15,21,14.3,Scottie Barnes,TOR,"SF,PF,C",,72,0.482,0.790,78,1381,553,360,104,96,200
06,16,11,15.3,Karl-Anthony Towns,NYK,"PF,C",,73,0.509,0.852,126,1519,834,256,63,43,186
06,17,10,20.6,Jamal Murray,DEN,PG,,68,0.473,0.883,205,1661,284,454,71,31,148
08,21,17,22.6,Austin Reaves,LAL,"PG,SG,SF",,70,0.477,0.870,171,1670,376,401,75,24,185
08,22,58,18.8,Alperen Sengun,HOU,"PF,C",,72,0.514,0.690,34,1503,655,444,87,69,214
08,23,39,26.2,Devin Booker,PHX,"PG,SG",,68,0.472,0.882,146,1835,281,444,57,19,202
08,24,62,26.3,LaMelo Ball,MIN,PG,,60,0.416,0.874,234,1351,327,442,83,17,192
08,25,13,23.6,Stephen Curry,GSW,PG,,67,0.453,0.927,312,1723,272,336,66,26,179
08,26,30,30.1,Bam Adebayo,MIA,"PF,C",,74,0.449,0.770,150,1502,638,272,88,53,139
08,27,45,30.1,Evan Mobley,CLE,"PF,C",,70,0.552,0.661,72,1291,649,251,59,122,142
08,28,18,28.3,Chet Holmgren,OKC,"PF,C",,69,0.538,0.784,98,1188,660,136,46,147,114
08,29,44,21.4,Jalen Brunson,NYK,PG,,72,0.475,0.835,182,1848,235,493,60,9,172
10,29,44,21.4,Jalen Brunson,NYK,PG,,72,0.475,0.835,182,1848,235,493,60,9,172
10,30,22,40.3,Trey Murphy III,NOP,"SG,SF",,66,0.463,0.879,213,1425,358,236,83,34,113
10,31,48,34.5,James Harden,CLE,"PG,SG",,71,0.423,0.881,183,1341,334,533,80,37,233
10,32,20,37.9,Lauri Markkanen,UTA,"SF,PF",,68,0.463,0.891,195,1609,547,131,61,31,101
10,33,28,36.7,Jalen Duren,DET,C,Q,72,0.657,0.751,0,1329,804,177,59,76,149
10,34,37,41.8,Jalen Williams,OKC,"SF,PF",,69,0.495,0.810,97,1393,346,364,97,38,142
10,35,38,25.4,Domantas Sabonis,SAC,"PF,C",,69,0.582,0.731,43,1242,956,421,54,27,199
10,36,25,47.2,Derrick White,BOS,"PG,SG",,73,0.423,0.884,214,1222,319,382,76,86,123
10,37,15,30.4,Kawhi Leonard,TOR,"SG,SF,PF",,59,0.507,0.881,134,1431,358,195,99,29,110
10,38,29,42.2,Donovan Clingan,POR,C,,73,0.539,0.659,70,943,911,161,50,140,108
11,35,38,25.4,Domantas Sabonis,SAC,"PF,C",,69,0.582,0.731,43,1242,956,421,54,27,199
11,36,25,47.2,Derrick White,BOS,"PG,SG",,73,0.423,0.884,214,1222,319,382,76,86,123
11,37,15,30.4,Kawhi Leonard,TOR,"SG,SF,PF",,59,0.507,0.881,134,1431,358,195,99,29,110
11,38,29,42.2,Donovan Clingan,POR,C,,73,0.539,0.659,70,943,911,161,50,140,108
11,39,47,46.1,Brandon Miller,CHA,"SF,PF",,68,0.433,0.875,230,1555,355,269,71,47,179
11,40,94,37.3,LeBron James,PHI,"SF,PF",,66,0.516,0.760,94,1276,385,432,63,31,185
11,41,32,38.8,Walker Kessler,LAL,C,,67,0.643,0.631,35,951,801,117,48,179,112
11,42,54,50.1,Jaren Jackson Jr.,UTA,"PF,C",Q,66,0.473,0.811,107,1242,427,136,79,110,142
11,43,117,56.8,Keyonte George,UTA,"PG,SG",,67,0.448,0.862,131,1187,257,408,71,13,206
11,44,96,27.0,Jaylen Brown,PHI,"SG,SF,PF",,69,0.474,0.775,132,1657,416,316,74,26,209
13,44,96,27.0,Jaylen Brown,PHI,"SG,SF,PF",,69,0.474,0.775,132,1657,416,316,74,26,209
13,45,34,42.2,Anthony Davis,WAS,"PF,C",P,58,0.526,0.782,29,1274,616,181,62,113,115
13,46,74,52.1,Kyrie Irving,DAL,PG,Q,57,0.475,0.909,157,1220,240,239,60,22,96
13,47,43,52.6,Desmond Bane,ORL,"SG,SF",,70,0.482,0.903,159,1428,301,290,76,31,155
13,48,76,40.1,Deni Avdija,POR,"SG,SF,PF",,72,0.473,0.789,121,1493,499,398,65,42,214
13,49,36,54.8,Onyeka Okongwu,ATL,C,,70,0.481,0.762,139,1093,567,201,75,89,110
13,50,40,52.4,Franz Wagner,ORL,"SF,PF",,67,0.485,0.848,113,1624,385,284,78,25,142
13,51,71,57.1,Cameron Boozer,MEM,PF,,75,0.486,0.784,94,1296,640,258,70,45,180
13,52,122,34.4,Paolo Banchero,ORL,PF,,70,0.456,0.753,103,1693,576,375,56,42,223
13,53,123,50.9,Joel Embiid,PHI,C,,49,0.490,0.866,62,1204,367,191,29,57,125
14,52,122,34.4,Paolo Banchero,ORL,PF,,70,0.456,0.753,103,1693,576,375,56,42,223
14,53,123,50.9,Joel Embiid,PHI,C,,49,0.490,0.866,62,1204,367,191,29,57,125
14,54,52,66.2,Darius Garland,LAC,PG,,68,0.463,0.864,199,1475,194,493,83,11,204
14,55,93,72.3,Dejounte Murray,NOP,PG,,65,0.439,0.820,118,1117,429,429,107,19,234
14,56,24,59.7,Nickeil Alexander-Walker,ATL,"PG,SG",,80,0.455,0.858,242,1532,277,278,87,44,140
14,57,69,64.7,Ivica Zubac,IND,C,,72,0.618,0.688,0,1045,792,159,35,73,112
14,58,83,49.6,Pascal Siakam,IND,"PF,C",,70,0.505,0.712,107,1519,470,257,67,30,126
14,59,53,62.1,Naz Reid,CHA,"PF,C",,76,0.460,0.748,182,1167,501,174,72,80,125
14,60,56,58.8,Michael Porter Jr.,BKN,"SF,PF",,65,0.470,0.827,204,1415,461,172,65,28,129
16,60,56,58.8,Michael Porter Jr.,BKN,"SF,PF",,65,0.470,0.827,204,1415,461,172,65,28,129
16,61,19,63.7,Dyson Daniels,ATL,"SG,SF",,72,0.513,0.625,43,822,464,394,171,39,133
16,62,57,79.0,Ryan Rollins,MIL,"PG,SG",,69,0.476,0.797,170,1213,331,382,99,29,187
16,63,59,72.5,Alex Sarr,WAS,C,Q,69,0.485,0.709,94,1159,497,186,72,124,124
16,64,23,42.4,Kon Knueppel,CHA,"SG,SF",Q,79,0.471,0.870,295,1647,420,300,64,16,180
16,65,66,69.3,Jarrett Allen,CLE,C,,68,0.661,0.718,0,975,618,133,60,59,87
16,66,92,62.8,Brandon Ingram,LAC,"SG,SF,PF",O,68,0.478,0.819,122,1488,379,293,53,47,180
16,67,77,65.9,Damian Lillard,POR,PG,,62,0.436,0.921,170,1158,374,330,53,9,128
16,68,49,69.5,Tyler Herro,MIL,"PG,SG",Q,66,0.466,0.886,211,1565,334,323,53,16,152
16,69,33,65.3,Matas Buzelis,CHI,"SF,PF",,76,0.471,0.791,175,1410,479,180,66,120,167
17,67,77,65.9,Damian Lillard,POR,PG,,62,0.436,0.921,170,1158,374,330,53,9,128
17,68,49,69.5,Tyler Herro,MIL,"PG,SG",Q,66,0.466,0.886,211,1565,334,323,53,16,152
17,69,33,65.3,Matas Buzelis,CHI,"SF,PF",,76,0.471,0.791,175,1410,479,180,66,120,167
17,70,65,74.8,Zach Edey,MEM,C,Q,60,0.613,0.761,19,918,684,78,44,134,151
17,71,50,74.5,Kel'el Ware,MIL,C,,72,0.528,0.723,93,928,630,69,61,94,72
17,72,61,67.0,OG Anunoby,NYK,"SF,PF",,67,0.480,0.813,151,1096,334,140,96,50,105
17,73,101,68.7,Julius Randle,BKN,PF,,72,0.474,0.801,105,1457,507,350,64,17,204
17,74,85,80.1,De'Aaron Fox,SAS,PG,,69,0.471,0.777,125,1258,267,388,92,21,158
17,75,35,80.2,Payton Pritchard,BOS,PG,,75,0.467,0.874,227,1393,318,369,62,11,97
17,76,82,53.8,Stephon Castle,SAS,"PG,SG",,73,0.487,0.740,103,1345,393,507,102,24,227
19,76,82,53.8,Stephon Castle,SAS,"PG,SG",,73,0.487,0.740,103,1345,393,507,102,24,227
19,77,81,88.1,Ausar Thompson,DET,"SG,SF,PF",,67,0.527,0.594,15,777,410,224,138,68,113
19,78,110,68.9,Zion Williamson,NOP,"PF,C",,64,0.606,0.702,3,1473,390,260,68,42,154
19,79,125,79.8,Paul George,BOS,"SF,PF",,59,0.446,0.849,137,888,263,189,84,23,104
19,80,106,89.0,Coby White,CHA,"PG,SG",,69,0.450,0.853,180,1305,259,401,49,12,165
19,81,41,79.7,Mikal Bridges,NYK,"SF,PF",,82,0.480,0.824,162,1221,290,290,88,48,108
19,82,88,72.3,Rudy Gobert,MIN,C,,73,0.674,0.596,0,810,792,113,52,114,94
19,83,89,84.4,Dylan Harper,SAS,"PG,SG",,69,0.508,0.758,81,1152,331,332,81,36,148
19,84,63,87.2,Cedric Coward,MEM,"SG,SF",,70,0.478,0.832,140,1308,500,270,63,43,166
21,84,63,87.2,Cedric Coward,MEM,"SG,SF",,70,0.478,0.832,140,1308,500,270,63,43,166
21,85,67,79.3,Caleb Wilson,CHI,PF,,75,0.480,0.720,109,1201,552,191,84,83,152
21,86,72,96.9,Immanuel Quickley,TOR,"PG,SG",,71,0.432,0.841,181,1089,276,404,77,7,108
21,87,119,92.0,Norman Powell,CHI,"SG,SF",,66,0.470,0.820,170,1308,211,136,68,15,110
21,88,31,73.3,VJ Edgecombe,PHI,"PG,SG",,75,0.437,0.816,147,1195,457,341,116,42,148
21,89,105,89.4,Nic Claxton,CHI,C,,70,0.610,0.581,4,870,560,215,54,102,98
21,90,42,90.3,Jaden McDaniels,MIN,SF,,75,0.511,0.819,103,1138,357,216,90,70,114
21,91,103,94.4,Day'Ron Sharpe,BKN,C,,66,0.553,0.662,16,781,651,206,103,33,137
21,92,152,78.9,AJ Dybantsa,WAS,SF,,78,0.462,0.772,95,1357,452,240,75,30,203
21,93,237,92.1,Ja Morant,POR,PG,,58,0.437,0.847,68,982,183,333,62,15,201
22,92,152,78.9,AJ Dybantsa,WAS,SF,,78,0.462,0.772,95,1357,452,240,75,30,203
22,93,237,92.1,Ja Morant,POR,PG,,58,0.437,0.847,68,982,183,333,62,15,201
22,94,87,110.8,Jalen Suggs,ORL,"PG,SG",,64,0.431,0.846,135,903,241,319,108,48,163
22,95,104,99.4,Andrew Wiggins,MIA,"SG,SF,PF",,68,0.459,0.770,137,1053,331,176,70,62,106
22,96,78,82.2,Derik Queen,NOP,"PF,C",,72,0.487,0.794,30,1022,563,292,87,68,175
22,97,68,96.1,Josh Hart,NYK,"SG,SF",,72,0.498,0.759,107,854,566,312,84,20,128
22,98,84,93.4,Jabari Smith Jr.,HOU,"PF,C",,73,0.447,0.791,163,1148,530,127,51,66,99
22,99,162,101.9,Zach LaVine,SAC,"PG,SG,SF",,67,0.492,0.852,159,1137,206,188,42,12,131
22,100,90,98.2,Miles Bridges,PHX,PF,,71,0.444,0.841,144,1229,483,244,49,38,122
22,101,107,100.6,Myles Turner,MIL,C,,68,0.468,0.759,131,862,386,94,44,115,90
24,102,156,115.4,DeMar DeRozan,DEN,"SF,PF",,74,0.486,0.860,42,1057,178,227,50,20,70
24,103,136,105.7,Isaiah Hartenstein,OKC,C,P,63,0.607,0.656,0,572,577,204,59,58,97
24,104,95,115.7,Ayo Dosunmu,MIN,"PG,SG",,71,0.491,0.854,122,1071,259,264,68,26,109
24,105,215,112.4,Jusuf Nurkic,UTA,C,,55,0.502,0.609,33,612,574,221,63,42,133
24,106,99,109.2,Toumani Camara,POR,"SF,PF",,75,0.444,0.721,168,926,401,166,93,38,117
24,107,127,115.2,Peyton Watson,CLE,"SF,PF",P,71,0.478,0.719,95,886,328,149,61,96,93
24,108,172,113.5,Andrew Nembhard,IND,"PG,SG",,66,0.455,0.815,87,865,189,401,67,9,132
24,109,114,108.1,CJ McCollum,ATL,"PG,SG",,73,0.453,0.764,183,1276,232,270,62,31,115
24,110,116,117.8,Davion Mitchell,MIA,PG,,72,0.463,0.667,94,668,190,514,88,27,118
25,110,116,117.8,Davion Mitchell,MIA,PG,,72,0.463,0.667,94,668,190,514,88,27,118
25,111,111,115.4,Collin Murray-Boyles,TOR,"PF,C",,70,0.580,0.658,25,731,427,161,78,78,96
25,112,102,116.1,John Collins,DET,"PF,C",,65,0.541,0.800,89,1013,442,85,56,56,112
25,113,115,117.3,Neemias Queta,BOS,C,,65,0.651,0.714,1,643,519,101,47,84,66
25,114,46,113.5,Ty Jerome,MEM,"PG,SG",,67,0.494,0.874,171,1151,232,413,84,9,131
25,115,75,101.9,Darryn Peterson,UTA,SG,,73,0.453,0.831,135,1237,345,232,85,45,141
25,116,80,120.2,Keegan Murray,SAC,"SF,PF",,70,0.440,0.808,139,957,437,110,65,73,63
25,117,98,117.3,Brandin Podziemski,GSW,"PG,SG",,75,0.449,0.777,140,964,412,286,82,15,111
25,118,86,118.8,Khaman Maluach,PHX,C,,68,0.567,0.741,32,705,630,59,35,141,88
25,119,131,119.0,Kyshawn George,WAS,"SG,SF,PF",,68,0.433,0.782,128,848,350,263,75,62,153
27,117,98,117.3,Brandin Podziemski,GSW,"PG,SG",,75,0.449,0.777,140,964,412,286,82,15,111
27,118,86,118.8,Khaman Maluach,PHX,C,,68,0.567,0.741,32,705,630,59,35,141,88
27,119,131,119.0,Kyshawn George,WAS,"SG,SF,PF",,68,0.433,0.782,128,848,350,263,75,62,153
27,120,187,109.0,Daniel Gafford,DAL,C,,59,0.689,0.683,0,550,386,70,37,81,62
27,121,217,109.4,Rui Hachimura,LAC,"SF,PF",,65,0.516,0.730,101,744,242,65,38,22,42
27,122,227,121.2,Jakob Poeltl,TOR,C,,58,0.661,0.626,0,520,380,120,48,41,78
27,123,159,114.6,Wendell Carter Jr.,ORL,C,,68,0.504,0.754,60,750,504,133,52,42,84
27,124,228,111.9,RJ Barrett,TOR,"SG,SF,PF",,64,0.472,0.685,113,1110,354,193,45,21,116
27,125,100,119.2,Collin Gillespie,PHX,"PG,SG",,70,0.420,0.867,187,830,274,306,83,14,100
27,126,129,119.3,Quentin Grimes,LAL,"SG,SF",,71,0.442,0.806,170,1105,275,226,73,26,139
29,125,100,119.2,Collin Gillespie,PHX,"PG,SG",,70,0.420,0.867,187,830,274,306,83,14,100
29,126,129,119.3,Quentin Grimes,LAL,"SG,SF",,71,0.442,0.806,170,1105,275,226,73,26,139
29,127,155,112.1,Aaron Gordon,DEN,"PF,C",,65,0.516,0.753,101,1018,372,201,39,24,85
29,128,73,118.3,Cason Wallace,OKC,"PG,SG,SF",,73,0.453,0.815,95,635,234,184,132,33,66
29,129,310,113.5,Jonathan Kuminga,MIN,"SF,PF",,68,0.478,0.667,52,790,283,131,44,28,116
29,130,147,102.0,Jalen Green,PHX,"SG,SF",,72,0.420,0.790,194,1440,320,252,70,24,181
29,131,135,119.3,Egor Demin,BKN,"PG,SG",,70,0.407,0.835,199,889,270,283,69,28,140
29,132,108,119.5,Saddiq Bey,NOP,"SF,PF",,70,0.441,0.841,137,1095,391,155,62,8,63
29,133,179,115.5,PJ Washington,DAL,"PF,C",,62,0.448,0.701,92,845,419,118,61,61,104
29,134,144,,Herbert Jones,NOP,"SG,SF",,65,0.419,0.835,91,626,228,182,101,37,87
31,134,144,,Herbert Jones,NOP,"SG,SF",,65,0.419,0.835,91,626,228,182,101,37,87
31,135,180,,Cameron Johnson,DEN,"SF,PF",,56,0.480,0.862,117,725,222,150,45,21,65
31,136,158,116.7,Jrue Holiday,POR,"PG,SG",,65,0.455,0.862,123,778,263,286,64,15,115
31,137,188,106.3,Draymond Green,GSW,"PF,C",,66,0.430,0.701,81,535,368,349,68,49,161
31,138,213,114.5,Moussa Diabate,CHA,C,,65,0.607,0.652,1,453,501,114,46,57,72
31,139,143,120.3,Sandro Mamukelashvili,LAL,"PF,C",,74,0.479,0.744,142,903,438,161,57,27,106
31,140,64,109.5,Jaime Jaquez Jr.,MIL,"SG,SF,PF",,71,0.542,0.804,72,1084,358,318,66,15,71
31,141,253,,Gui Santos,GSW,"SF,PF",,68,0.484,0.701,66,498,250,146,57,14,70
31,142,174,114.2,Dillon Brooks,PHX,"SF,PF",,70,0.432,0.832,154,1112,244,117,62,12,93
31,143,141,,Yves Missi,NOP,C,,69,0.616,0.694,0,574,485,101,30,121,60
32,142,174,114.2,Dillon Brooks,PHX,"SF,PF",,70,0.432,0.832,154,1112,244,117,62,12,93
32,143,141,,Yves Missi,NOP,C,,69,0.616,0.694,0,574,485,101,30,121,60
32,144,91,116.0,Yaxel Lendeborg,GSW,PF,,74,0.466,0.808,93,843,408,183,74,65,92
32,145,113,117.8,Ajay Mitchell,OKC,"PG,SG",P,65,0.487,0.864,73,888,225,256,84,20,96
32,146,124,118.7,Anthony Black,ORL,"PG,SG,SF",Q,70,0.463,0.759,102,1014,257,247,93,49,141
32,147,193,,Pelle Larsson,MIA,"SG,SF",,70,0.491,0.789,67,814,243,232,56,19,98
32,148,154,118.2,Tre Jones,CHI,"PG,SG",,61,0.541,0.845,38,697,189,319,63,10,77
32,149,55,121.7,Reed Sheppard,HOU,"PG,SG",,75,0.446,0.800,196,984,217,245,109,49,111
32,150,166,110.7,Aaron Nesmith,IND,"SG,SF",,65,0.456,0.843,135,826,263,104,51,34,72
rows13-21,14,27,16.6,Kevin Durant,HOU,"SG,SF,PF",,70,0.524,0.860,155,1712,363,299,53,68,202
rows13-21,15,21,14.3,Scottie Barnes,TOR,"SF,PF,C",,72,0.482,0.790,78,1381,553,360,104,96,200
rows13-21,16,11,15.3,Karl-Anthony Towns,NYK,"PF,C",,73,0.509,0.852,126,1519,834,256,63,43,186
rows13-21,17,10,20.6,Jamal Murray,DEN,PG,,68,0.473,0.883,205,1661,284,454,71,31,148
rows13-21,18,70,26.6,Trae Young,WAS,PG,P,68,0.421,0.863,183,1557,188,681,78,11,281
rows13-21,19,60,23.0,Josh Giddey,CHI,"PG,SG",,69,0.455,0.776,123,1125,559,619,79,44,237
rows13-21,20,9,23.6,Amen Thompson,HOU,"PG,SG",,73,0.543,0.771,27,1316,564,364,117,67,157
rows13-21,21,17,22.6,Austin Reaves,LAL,"PG,SG,SF",,70,0.477,0.870,171,1670,376,401,75,24,185
ADP2,151,137,113.3,Tobias Harris,SAS,PF,,71,0.472,0.869,78,811,323,152,59,36,68
ADP2,152,146,99.7,Kristaps Porzingis,GSW,C,Q,55,0.474,0.838,104,918,277,132,33,66,65
ADP2,153,145,118.1,Fred VanVleet,HOU,PG,,60,0.392,0.855,138,744,191,310,71,27,74
ADP2,154,266,115.7,Jimmy Butler III,GSW,"SF,PF",O,35,0.509,0.854,22,552,119,147,40,8,44
ADP2,155,161,109.5,Darius Acuff Jr.,SAC,PG,,76,0.409,0.794,156,1299,273,341,62,30,160
ADP2,156,283,116.4,Bennedict Mathurin,NOP,"SG,SF",,65,0.443,0.852,60,725,227,94,31,12,87
ADP2,157,121,116,Devin Vassell,SAS,"SG,SF",,69,0.432,0.804,168,923,272,197,71,28,80
ADP2,158,133,119.9,Kevin Porter Jr.,MIL,"PG,SG",,60,0.458,0.832,59,834,272,320,97,20,142
ADP2,159,148,117.6,Ace Bailey,UTA,"SF,PF",,72,0.451,0.771,129,993,335,143,65,53,117
ADP2,160,198,109.1,Brook Lopez,LAC,C,,72,0.46,0.797,103,600,222,77,30,82,47
ADP2,161,163,110.8,Bobby Portis Jr.,MIA,"PF,C",,64,0.485,0.769,105,863,448,103,43,20,66
ADP2,162,149,118.1,Maxime Raynaud,SAC,C,,74,0.571,0.783,24,904,533,93,37,38,89
ADP2,163,132,117.9,Tari Eason,HOU,"SG,SF,PF",,60,0.446,0.758,87,712,411,95,90,42,81
ADP2,164,171,112.7,Kelly Oubre Jr.,IND,"SF,PF",,68,0.457,0.757,86,800,314,95,80,31,78
ADP2,165,150,113.2,Paul Reed,DET,"PF,C",,66,0.568,0.708,19,573,369,106,71,71,71
ADP2,166,214,,Dereck Lively II,DAL,C,Q,50,0.714,0.609,0,430,369,96,32,80,58
ADP2,167,186,,Daniss Jenkins,DET,"PG,SG",,70,0.432,0.827,66,648,154,276,54,33,50
ADP2,168,140,118.9,Jeremiah Fears,NOP,"PG,SG",,75,0.431,0.8,103,1125,305,283,99,30,181
ADP2,169,207,113.7,Deandre Ayton,WAS,C,,66,0.621,0.678,2,619,455,57,35,48,70
ADP2,170,271,,Oso Ighodaro,PHX,C,,74,0.649,0.515,0,469,372,154,57,9,99
ADP2,171,256,,Dennis Schroder,CHA,"PG,SG",,69,0.476,0.791,59,581,128,175,35,45,65
ADP2,172,236,,De'Andre Hunter,SAC,"SF,PF",,65,0.434,0.857,122,776,240,100,43,11,88
ADP2,173,79,119.6,Christian Braun,DEN,"SG,SF,PF",,74,0.541,0.79,79,990,377,194,71,31,74
ADP2,174,142,113.6,Isaiah Stewart,MEM,"PF,C",,68,0.539,0.756,60,790,439,112,26,105,87
ADP2,175,97,,Jake LaRavia,LAL,"SF,PF",,69,0.463,0.783,83,672,321,167,93,37,32
ADP2,176,181,,Santi Aldama,DAL,PF,Q,68,0.472,0.67,101,742,373,162,47,37,68
ADP2,177,239,114.1,Nikola Vucevic,ORL,C,,69,0.504,0.817,55,592,330,120,25,24,52
ADP2,178,195,107.5,Mitchell Robinson,BOS,C,,63,0.695,0.434,0,352,525,51,61,72,43
ADP2,179,128,110.1,Julian Champagnie,SAS,"SF,PF",,78,0.426,0.86,173,801,341,117,59,37,68
ADP2,180,189,117.7,Mikel Brown Jr.,BKN,PG,Q,74,0.409,0.773,128,980,275,315,59,16,117
ADP2,181,153,,Sam Hauser,BOS,"SF,PF",,76,0.434,0.882,192,697,279,109,46,27,36
ADP2,182,216,,Joan Beringer,MIN,"PF,C",,69,0.686,0.72,0,445,306,45,45,71,50
ADP2,183,134,,Scotty Pippen Jr.,MEM,PG,,65,0.481,0.741,84,798,211,301,114,30,163
ADP2,184,292,,Isaiah Collier,UTA,"PG,SG",,64,0.467,0.754,35,505,136,305,35,20,95
ADP2,185,118,,Scoot Henderson,POR,PG,,65,0.466,0.824,114,882,194,220,63,33,45
ADP2,186,289,112.8,Jordan Poole,NOP,"PG,SG",,58,0.411,0.878,105,635,94,145,36,14,89
ADP2,187,112,115.6,Grayson Allen,CHA,"SG,SF",,68,0.433,0.851,187,936,219,207,73,23,94
ADP2,188,177,,Miles McBride,NYK,"PG,SG",,66,0.421,0.803,149,720,159,178,64,15,47
ADP2,189,218,,Jay Huff,IND,C,,66,0.486,0.828,82,509,195,69,25,90,47
ADP2,190,182,,Naji Marshall,DAL,"SG,SF,PF",,71,0.506,0.778,54,845,289,188,65,8,96
ADP2,191,165,,Kris Dunn,LAC,"PG,SG",,70,0.461,0.739,62,442,216,223,103,18,80
ADP2,192,250,112.7,Jared McCain,OKC,"PG,SG",,67,0.443,0.798,135,818,179,136,45,8,90
ADP2,193,208,116.9,Jerami Grant,MEM,"SF,PF",,59,0.425,0.82,144,987,196,127,45,41,106
ADP2,194,126,117.4,Kyle Kuzma,MIL,"SF,PF",,71,0.452,0.784,110,1048,363,178,77,20,88
ADP2,195,184,,Kevin Huerter,DET,"SG,SF",,68,0.442,0.75,115,684,225,169,61,28,67
ADP2,196,196,107.4,Alex Caruso,OKC,"SG,SF",,58,0.441,0.807,68,412,173,139,83,30,52
ADP2,197,199,,Dylan Cardwell,SAC,"PF,C",,72,0.579,0.514,0,338,485,90,43,97,56
ADP2,198,170,114.5,Kyle Filipowski,UTA,"PF,C",,75,0.495,0.719,73,775,490,169,61,31,112
ADP2,199,221,110.2,Anfernee Simons,PHI,"PG,SG",,68,0.427,0.902,169,919,156,219,37,6,101
ADP2,200,130,116.6,Collin Sexton,LAL,"PG,SG",,68,0.482,0.857,128,1198,190,274,72,11,170
ADP2,201,357,108.7,Mark Williams,PHX,C,O,20,0.628,0.781,0,256,175,24,17,20,25
ADP2,202,251,,Robert Williams III,POR,C,,45,0.697,0.651,6,296,307,46,28,67,38
ADP2,203,230,,Bilal Coulibaly,WAS,"SG,SF",,58,0.426,0.739,61,620,246,147,68,53,91
ADP2,204,183,,Precious Achiuwa,SAC,"PF,C",,69,0.515,0.614,22,606,444,79,69,47,63
ADP2,205,293,106.9,Al Horford,GSW,"PF,C",,53,0.438,0.857,62,306,201,86,22,35,30
ADP2,206,151,,Keldon Johnson,SAS,"SF,PF",,78,0.495,0.79,98,1030,400,128,47,16,76
ADP2,207,312,107.8,Klay Thompson,MIA,"SG,SF",,67,0.409,0.729,146,645,132,102,25,21,81
ADP2,208,138,,Morez Johnson Jr.,DAL,PF,Q,75,0.589,0.742,26,629,378,79,66,79,79
ADP2,209,185,,Max Strus,LAC,"SF,PF",,63,0.439,0.807,163,701,300,184,35,16,67
ADP2,210,173,117.1,Keaton Wagler,LAC,SG,,75,0.462,0.798,115,911,252,273,63,15,126
ADP2,211,246,107.2,Andre Drummond,NYK,C,,67,0.456,0.627,24,378,535,76,51,38,64
ADP2,212,316,,Bradley Beal,LAC,"SG,SF",Q,50,0.496,0.795,55,491,101,115,30,14,60
ADP2,213,242,,Malik Monk,SAC,"PG,SG",,65,0.442,0.856,110,747,141,220,37,25,99
ADP2,214,361,,Shaedon Sharpe,POR,"PG,SG",O,30,0.45,0.786,55,518,113,69,30,4,66
ADP2,215,244,,Duncan Robinson,DET,"SG,SF",,70,0.427,0.808,172,719,157,194,34,21,101
ADP2,216,139,,Royce O'Neale,CHA,"SF,PF",,76,0.417,0.7,169,628,361,177,68,31,77
ADP2,217,120,,Jaylen Wells,MEM,"SG,SF",,73,0.45,0.82,159,1011,272,125,82,18,91
ADP2,218,282,,Marcus Smart,HOU,"PG,SG",,68,0.39,0.864,85,531,145,186,38,13,72
ADP2,219,299,,GG Jackson,MEM,"SF,PF,C",,67,0.448,0.706,83,718,253,62,53,37,139
ADP2,220,192,,Tre Johnson,WAS,"PG,SG,SF",,69,0.426,0.853,137,810,200,155,54,7,54
ADP2,221,307,,Will Riley,WAS,"SF,PF",,70,0.483,0.793,72,593,165,87,19,10,49
ADP2,222,233,,Terrence Shannon Jr.,MIN,"SG,SF",,69,0.45,0.808,99,772,191,137,51,17,78
ADP2,223,249,,Jaylin Williams,OKC,"PF,C",,60,0.419,0.788,83,387,319,71,52,11,36
ADP2,224,168,,Luguentz Dort,ATL,"SG,SF",,71,0.413,0.771,147,671,268,100,69,34,56
ADP2,225,190,,Derrick Jones Jr.,LAC,"SF,PF",,67,0.507,0.73,71,657,228,71,61,47,56
ADP2,226,206,,Jaylon Tyson,CLE,"SG,SF,PF",,69,0.471,0.734,106,731,308,60,55,20,55
ADP2,227,220,,Nique Clifford,SAC,"SG,SF",,75,0.438,0.736,85,731,307,189,70,28,119
ADP2,228,238,,Jalen Smith,CHI,"PF,C",,58,0.472,0.786,76,551,369,76,33,44,77
ADP2,229,205,,Ryan Kalkbrenner,CHA,C,,69,0.75,0.72,0,450,326,47,28,87,54
ADP2,230,243,,Noah Clowney,BKN,"PF,C",,60,0.401,0.81,94,592,245,85,48,34,54
ADP2,231,212,,T.J. McConnell,IND,PG,,69,0.522,0.796,16,591,152,305,65,12,82
ADP2,232,489,,Ben Simmons,SAC,PG,,15,0.538,0.5,0,30,29,7,5,4,7
ADP2,233,164,,Cam Spencer,MEM,"PG,SG",,67,0.452,0.917,122,684,167,346,47,10,85
ADP2,234,339,,Nikola Jovic,MIA,"PF,C",,50,0.389,0.735,72,432,190,75,34,21,54
ADP2,235,319,,Bones Hyland,MIN,"PG,SG",,50,0.4,0.889,73,377,82,128,31,10,33
ADP2,236,231,,Brice Sensabaugh,UTA,"SG,SF,PF",,70,0.443,0.875,124,776,196,94,34,19,58
ADP2,237,204,,Tristan da Silva,ORL,"SF,PF",,76,0.449,0.75,132,772,288,108,53,30,84
ADP2,238,169,,Jamal Shead,TOR,PG,,79,0.397,0.829,93,641,150,408,80,30,115
ADP2,239,300,,Gradey Dick,LAC,"SG,SF",,69,0.406,0.861,99,652,177,93,49,13,120
ADP2,240,323,,Zach Collins,CHI,C,Q,55,0.43,0.772,36,401,269,111,26,28,64
ADP2,241,240,,Bub Carrington,WAS,"PG,SG",,80,0.426,0.792,127,691,229,264,44,18,123
ADP2,242,109,,Brayden Burries,MIL,SG,,75,0.444,0.891,98,910,288,183,75,28,80
ADP2,243,178,,Kingston Flemings,ATL,PG,,74,0.437,0.843,60,700,219,283,70,27,96
ADP2,244,322,,Marvin Bagley III,DEN,"PF,C",,49,0.552,0.758,11,378,230,48,22,13,20
ADP2,245,157,,De'Anthony Melton,GSW,"PG,SG",,60,0.418,0.824,112,788,211,169,99,26,107
