xrank,rank,adp,player,team,positions,status,gp,fg_pct,ft_pct,3ptm,pts,reb,ast,st,blk,to
1,1,1.9,Nikola Jokic,DEN,C,,71,0.574,0.82,120,1978,927,717,108,54,242
2,3,1.6,Victor Wembanyama,SAS,C,,68,0.519,0.822,130,1750,775,230,69,230,188
3,5,3.5,Luka Doncic,LAL,"PG,SG",,66,0.472,0.782,248,2104,509,539,105,32,249
4,2,4.0,Shai Gilgeous-Alexander,OKC,PG,,73,0.537,0.885,127,2257,338,463,116,63,163
5,26,6.0,Cade Cunningham,DET,"PG,SG",,69,0.461,0.831,143,1717,418,657,86,52,277
6,51,7.5,Giannis Antetokounmpo,MIA,"PF,C",,68,0.61,0.638,24,2020,712,428,68,68,223
7,14,9.3,Jayson Tatum,BOS,"SF,PF",,68,0.456,0.821,220,1711,626,363,72,31,177
8,7,7.8,Anthony Edwards,MIN,"PG,SG",,76,0.468,0.818,265,2143,428,266,98,53,232
9,4,8.6,Tyrese Maxey,PHI,PG,,69,0.467,0.885,213,1804,248,397,111,42,152
10,12,15.7,Tyrese Haliburton,IND,"PG,SG",,68,0.463,0.849,187,1194,232,607,87,43,118
11,16,11.6,Jalen Johnson,ATL,"SF,PF",,65,0.498,0.79,106,1449,637,501,87,41,203
12,8,13.3,Donovan Mitchell,CLE,"PG,SG",,68,0.467,0.851,220,1787,326,373,101,21,174
13,6,10.3,Cooper Flagg,DAL,"SG,SF,PF",,75,0.474,0.84,95,1725,578,376,100,76,192
14,27,16.6,Kevin Durant,HOU,"SG,SF,PF",,70,0.524,0.86,155,1712,363,299,53,68,202
15,21,14.3,Scottie Barnes,TOR,"SF,PF,C",,72,0.482,0.79,78,1381,553,360,104,96,200
16,11,15.3,Karl-Anthony Towns,NYK,"PF,C",,73,0.509,0.852,126,1519,834,256,63,43,186
17,10,20.6,Jamal Murray,DEN,PG,,68,0.473,0.883,205,1661,284,454,71,31,148
21,17,22.6,Austin Reaves,LAL,"PG,SG,SF",,70,0.477,0.87,171,1670,376,401,75,24,185
22,58,18.8,Alperen Sengun,HOU,"PF,C",,72,0.514,0.69,34,1503,655,444,87,69,214
23,39,26.2,Devin Booker,PHX,"PG,SG",,68,0.472,0.882,146,1835,281,444,57,19,202
24,62,26.3,LaMelo Ball,MIN,PG,,60,0.416,0.874,234,1351,327,442,83,17,192
25,13,23.6,Stephen Curry,GSW,PG,,67,0.453,0.927,312,1723,272,336,66,26,179
26,30,30.1,Bam Adebayo,MIA,"PF,C",,74,0.449,0.77,150,1502,638,272,88,53,139
27,45,30.1,Evan Mobley,CLE,"PF,C",,70,0.552,0.661,72,1291,649,251,59,122,142
28,18,28.3,Chet Holmgren,OKC,"PF,C",,69,0.538,0.784,98,1188,660,136,46,147,114
29,44,21.4,Jalen Brunson,NYK,PG,,72,0.475,0.835,182,1848,235,493,60,9,172
30,22,40.3,Trey Murphy III,NOP,"SG,SF",,66,0.463,0.879,213,1425,358,236,83,34,113
31,48,34.5,James Harden,CLE,"PG,SG",,71,0.423,0.881,183,1341,334,533,80,37,233
32,20,37.9,Lauri Markkanen,UTA,"SF,PF",,68,0.463,0.891,195,1609,547,131,61,31,101
33,28,36.7,Jalen Duren,DET,C,Q,72,0.657,0.751,0,1329,804,177,59,76,149
34,37,41.8,Jalen Williams,OKC,"SF,PF",,69,0.495,0.81,97,1393,346,364,97,38,142
35,38,25.4,Domantas Sabonis,SAC,"PF,C",,69,0.582,0.731,43,1242,956,421,54,27,199
36,25,47.2,Derrick White,BOS,"PG,SG",,73,0.423,0.884,214,1222,319,382,76,86,123
37,15,30.4,Kawhi Leonard,TOR,"SG,SF,PF",,59,0.507,0.881,134,1431,358,195,99,29,110
38,29,42.2,Donovan Clingan,POR,C,,73,0.539,0.659,70,943,911,161,50,140,108
39,47,46.1,Brandon Miller,CHA,"SF,PF",,68,0.433,0.875,230,1555,355,269,71,47,179
40,94,37.3,LeBron James,PHI,"SF,PF",,66,0.516,0.76,94,1276,385,432,63,31,185
41,32,38.8,Walker Kessler,LAL,C,,67,0.643,0.631,35,951,801,117,48,179,112
42,54,50.1,Jaren Jackson Jr.,UTA,"PF,C",Q,66,0.473,0.811,107,1242,427,136,79,110,142
43,117,56.8,Keyonte George,UTA,"PG,SG",,67,0.448,0.862,131,1187,257,408,71,13,206
44,96,27.0,Jaylen Brown,PHI,"SG,SF,PF",,69,0.474,0.775,132,1657,416,316,74,26,209
45,34,42.2,Anthony Davis,WAS,"PF,C",P,58,0.526,0.782,29,1274,616,181,62,113,115
46,74,52.1,Kyrie Irving,DAL,PG,Q,57,0.475,0.909,157,1220,240,239,60,22,96
47,43,52.6,Desmond Bane,ORL,"SG,SF",,70,0.482,0.903,159,1428,301,290,76,31,155
48,76,40.1,Deni Avdija,POR,"SG,SF,PF",,72,0.473,0.789,121,1493,499,398,65,42,214
49,36,54.8,Onyeka Okongwu,ATL,C,,70,0.481,0.762,139,1093,567,201,75,89,110
50,40,52.4,Franz Wagner,ORL,"SF,PF",,67,0.485,0.848,113,1624,385,284,78,25,142
51,71,57.1,Cameron Boozer,MEM,PF,,75,0.486,0.784,94,1296,640,258,70,45,180
52,122,34.4,Paolo Banchero,ORL,PF,,70,0.456,0.753,103,1693,576,375,56,42,223
53,123,50.9,Joel Embiid,PHI,C,,49,0.49,0.866,62,1204,367,191,29,57,125
54,52,66.2,Darius Garland,LAC,PG,,68,0.463,0.864,199,1475,194,493,83,11,204
55,93,72.3,Dejounte Murray,NOP,PG,,65,0.439,0.82,118,1117,429,429,107,19,234
56,24,59.7,Nickeil Alexander-Walker,ATL,"PG,SG",,80,0.455,0.858,242,1532,277,278,87,44,140
57,69,64.7,Ivica Zubac,IND,C,,72,0.618,0.688,0,1045,792,159,35,73,112
58,83,49.6,Pascal Siakam,IND,"PF,C",,70,0.505,0.712,107,1519,470,257,67,30,126
59,53,62.1,Naz Reid,CHA,"PF,C",,76,0.46,0.748,182,1167,501,174,72,80,125
60,56,58.8,Michael Porter Jr.,BKN,"SF,PF",,65,0.47,0.827,204,1415,461,172,65,28,129
61,19,63.7,Dyson Daniels,ATL,"SG,SF",,72,0.513,0.625,43,822,464,394,171,39,133
62,57,79.0,Ryan Rollins,MIL,"PG,SG",,69,0.476,0.797,170,1213,331,382,99,29,187
63,59,72.5,Alex Sarr,WAS,C,Q,69,0.485,0.709,94,1159,497,186,72,124,124
64,23,42.4,Kon Knueppel,CHA,"SG,SF",Q,79,0.471,0.87,295,1647,420,300,64,16,180
65,66,69.3,Jarrett Allen,CLE,C,,68,0.661,0.718,0,975,618,133,60,59,87
66,92,62.8,Brandon Ingram,LAC,"SG,SF,PF",O,68,0.478,0.819,122,1488,379,293,53,47,180
67,77,65.9,Damian Lillard,POR,PG,,62,0.436,0.921,170,1158,374,330,53,9,128
68,49,69.5,Tyler Herro,MIL,"PG,SG",Q,66,0.466,0.886,211,1565,334,323,53,16,152
69,33,65.3,Matas Buzelis,CHI,"SF,PF",,76,0.471,0.791,175,1410,479,180,66,120,167
70,65,74.8,Zach Edey,MEM,C,Q,60,0.613,0.761,19,918,684,78,44,134,151
71,50,74.5,Kel'el Ware,MIL,C,,72,0.528,0.723,93,928,630,69,61,94,72
72,61,67.0,OG Anunoby,NYK,"SF,PF",,67,0.48,0.813,151,1096,334,140,96,50,105
73,101,68.7,Julius Randle,BKN,PF,,72,0.474,0.801,105,1457,507,350,64,17,204
74,85,80.1,De'Aaron Fox,SAS,PG,,69,0.471,0.777,125,1258,267,388,92,21,158
75,35,80.2,Payton Pritchard,BOS,PG,,75,0.467,0.874,227,1393,318,369,62,11,97
76,82,53.8,Stephon Castle,SAS,"PG,SG",,73,0.487,0.74,103,1345,393,507,102,24,227
77,81,88.1,Ausar Thompson,DET,"SG,SF,PF",,67,0.527,0.594,15,777,410,224,138,68,113
78,110,68.9,Zion Williamson,NOP,"PF,C",,64,0.606,0.702,3,1473,390,260,68,42,154
79,125,79.8,Paul George,BOS,"SF,PF",,59,0.446,0.849,137,888,263,189,84,23,104
80,106,89.0,Coby White,CHA,"PG,SG",,69,0.45,0.853,180,1305,259,401,49,12,165
81,41,79.7,Mikal Bridges,NYK,"SF,PF",,82,0.48,0.824,162,1221,290,290,88,48,108
82,88,72.3,Rudy Gobert,MIN,C,,73,0.674,0.596,0,810,792,113,52,114,94
83,89,84.4,Dylan Harper,SAS,"PG,SG",,69,0.508,0.758,81,1152,331,332,81,36,148
84,63,87.2,Cedric Coward,MEM,"SG,SF",,70,0.478,0.832,140,1308,500,270,63,43,166
85,67,79.3,Caleb Wilson,CHI,PF,,75,0.48,0.72,109,1201,552,191,84,83,152
86,72,96.9,Immanuel Quickley,TOR,"PG,SG",,71,0.432,0.841,181,1089,276,404,77,7,108
87,119,92.0,Norman Powell,CHI,"SG,SF",,66,0.47,0.82,170,1308,211,136,68,15,110
88,31,73.3,VJ Edgecombe,PHI,"PG,SG",,75,0.437,0.816,147,1195,457,341,116,42,148
89,105,89.4,Nic Claxton,CHI,C,,70,0.61,0.581,4,870,560,215,54,102,98
90,42,90.3,Jaden McDaniels,MIN,SF,,75,0.511,0.819,103,1138,357,216,90,70,114
91,103,94.4,Day'Ron Sharpe,BKN,C,,66,0.553,0.662,16,781,651,206,103,33,137
92,152,78.9,AJ Dybantsa,WAS,SF,,78,0.462,0.772,95,1357,452,240,75,30,203
93,237,92.1,Ja Morant,POR,PG,,58,0.437,0.847,68,982,183,333,62,15,201
94,87,110.8,Jalen Suggs,ORL,"PG,SG",,64,0.431,0.846,135,903,241,319,108,48,163
95,104,99.4,Andrew Wiggins,MIA,"SG,SF,PF",,68,0.459,0.77,137,1053,331,176,70,62,106
96,78,82.2,Derik Queen,NOP,"PF,C",,72,0.487,0.794,30,1022,563,292,87,68,175
97,68,96.1,Josh Hart,NYK,"SG,SF",,72,0.498,0.759,107,854,566,312,84,20,128
98,84,93.4,Jabari Smith Jr.,HOU,"PF,C",,73,0.447,0.791,163,1148,530,127,51,66,99
99,162,101.9,Zach LaVine,SAC,"PG,SG,SF",,67,0.492,0.852,159,1137,206,188,42,12,131
100,90,98.2,Miles Bridges,PHX,PF,,71,0.444,0.841,144,1229,483,244,49,38,122
101,107,100.6,Myles Turner,MIL,C,,68,0.468,0.759,131,862,386,94,44,115,90
102,156,115.4,DeMar DeRozan,DEN,"SF,PF",,74,0.486,0.86,42,1057,178,227,50,20,70
103,136,105.7,Isaiah Hartenstein,OKC,C,P,63,0.607,0.656,0,572,577,204,59,58,97
104,95,115.7,Ayo Dosunmu,MIN,"PG,SG",,71,0.491,0.854,122,1071,259,264,68,26,109
105,215,112.4,Jusuf Nurkic,UTA,C,,55,0.502,0.609,33,612,574,221,63,42,133
106,99,109.2,Toumani Camara,POR,"SF,PF",,75,0.444,0.721,168,926,401,166,93,38,117
107,127,115.2,Peyton Watson,CLE,"SF,PF",P,71,0.478,0.719,95,886,328,149,61,96,93
108,172,113.5,Andrew Nembhard,IND,"PG,SG",,66,0.455,0.815,87,865,189,401,67,9,132
109,114,108.1,CJ McCollum,ATL,"PG,SG",,73,0.453,0.764,183,1276,232,270,62,31,115
110,116,117.8,Davion Mitchell,MIA,PG,,72,0.463,0.667,94,668,190,514,88,27,118
111,111,115.4,Collin Murray-Boyles,TOR,"PF,C",,70,0.58,0.658,25,731,427,161,78,78,96
112,102,116.1,John Collins,DET,"PF,C",,65,0.541,0.8,89,1013,442,85,56,56,112
113,115,117.3,Neemias Queta,BOS,C,,65,0.651,0.714,1,643,519,101,47,84,66
114,46,113.5,Ty Jerome,MEM,"PG,SG",,67,0.494,0.874,171,1151,232,413,84,9,131
115,75,101.9,Darryn Peterson,UTA,SG,,73,0.453,0.831,135,1237,345,232,85,45,141
116,80,120.2,Keegan Murray,SAC,"SF,PF",,70,0.44,0.808,139,957,437,110,65,73,63
117,98,117.3,Brandin Podziemski,GSW,"PG,SG",,75,0.449,0.777,140,964,412,286,82,15,111
118,86,118.8,Khaman Maluach,PHX,C,,68,0.567,0.741,32,705,630,59,35,141,88
119,131,119.0,Kyshawn George,WAS,"SG,SF,PF",,68,0.433,0.782,128,848,350,263,75,62,153
120,187,109.0,Daniel Gafford,DAL,C,,59,0.689,0.683,0,550,386,70,37,81,62
121,217,109.4,Rui Hachimura,LAC,"SF,PF",,65,0.516,0.73,101,744,242,65,38,22,42
122,227,121.2,Jakob Poeltl,TOR,C,,58,0.661,0.626,0,520,380,120,48,41,78
123,159,114.6,Wendell Carter Jr.,ORL,C,,68,0.504,0.754,60,750,504,133,52,42,84
124,228,111.9,RJ Barrett,TOR,"SG,SF,PF",,64,0.472,0.685,113,1110,354,193,45,21,116
125,100,119.2,Collin Gillespie,PHX,"PG,SG",,70,0.42,0.867,187,830,274,306,83,14,100
126,129,119.3,Quentin Grimes,LAL,"SG,SF",,71,0.442,0.806,170,1105,275,226,73,26,139
127,155,112.1,Aaron Gordon,DEN,"PF,C",,65,0.516,0.753,101,1018,372,201,39,24,85
128,73,118.3,Cason Wallace,OKC,"PG,SG,SF",,73,0.453,0.815,95,635,234,184,132,33,66
129,310,113.5,Jonathan Kuminga,MIN,"SF,PF",,68,0.478,0.667,52,790,283,131,44,28,116
130,147,102.0,Jalen Green,PHX,"SG,SF",,72,0.42,0.79,194,1440,320,252,70,24,181
131,135,119.3,Egor Demin,BKN,"PG,SG",,70,0.407,0.835,199,889,270,283,69,28,140
132,108,119.5,Saddiq Bey,NOP,"SF,PF",,70,0.441,0.841,137,1095,391,155,62,8,63
133,179,115.5,PJ Washington,DAL,"PF,C",,62,0.448,0.701,92,845,419,118,61,61,104
134,144,,Herbert Jones,NOP,"SG,SF",,65,0.419,0.835,91,626,228,182,101,37,87
135,180,,Cameron Johnson,DEN,"SF,PF",,56,0.48,0.862,117,725,222,150,45,21,65
136,158,116.7,Jrue Holiday,POR,"PG,SG",,65,0.455,0.862,123,778,263,286,64,15,115
137,188,106.3,Draymond Green,GSW,"PF,C",,66,0.43,0.701,81,535,368,349,68,49,161
138,213,114.5,Moussa Diabate,CHA,C,,65,0.607,0.652,1,453,501,114,46,57,72
139,143,120.3,Sandro Mamukelashvili,LAL,"PF,C",,74,0.479,0.744,142,903,438,161,57,27,106
140,64,109.5,Jaime Jaquez Jr.,MIL,"SG,SF,PF",,71,0.542,0.804,72,1084,358,318,66,15,71
141,253,,Gui Santos,GSW,"SF,PF",,68,0.484,0.701,66,498,250,146,57,14,70
142,174,114.2,Dillon Brooks,PHX,"SF,PF",,70,0.432,0.832,154,1112,244,117,62,12,93
143,141,,Yves Missi,NOP,C,,69,0.616,0.694,0,574,485,101,30,121,60
144,91,116.0,Yaxel Lendeborg,GSW,PF,,74,0.466,0.808,93,843,408,183,74,65,92
145,113,117.8,Ajay Mitchell,OKC,"PG,SG",P,65,0.487,0.864,73,888,225,256,84,20,96
146,124,118.7,Anthony Black,ORL,"PG,SG,SF",Q,70,0.463,0.759,102,1014,257,247,93,49,141
147,193,,Pelle Larsson,MIA,"SG,SF",,70,0.491,0.789,67,814,243,232,56,19,98
148,154,118.2,Tre Jones,CHI,"PG,SG",,61,0.541,0.845,38,697,189,319,63,10,77
149,55,121.7,Reed Sheppard,HOU,"PG,SG",,75,0.446,0.8,196,984,217,245,109,49,111
150,166,110.7,Aaron Nesmith,IND,"SG,SF",,65,0.456,0.843,135,826,263,104,51,34,72
